Player,Position,1,2,3,4,5,6,7,8,9,10,11,12,13,Total Points
A.J. Brown,WR,0.0,2.0,16.0,0.0,4.0,8.0,24.0,,,1.0,4.0,17.0,25.0,101.0
AJ Barner,TE,0.0,8.0,2.0,9.0,17.0,7.0,0.0,,8.0,0.0,7.0,1.0,3.0,62.0
AJ Dillon,RB,1.0,1.0,,1.0,1.0,0.0,,,,,,,,4.0
Aaron Jones,RB,12.0,2.0,,,,,,2.0,9.0,12.0,8.0,5.0,1.0,51.0
Aaron Rodgers,QB,33.0,12.0,15.0,14.0,,21.0,29.0,20.0,14.0,8.0,10.0,,3.0,179.0
Adam Prentice,RB,0.0,,,0.0,0.0,0.0,,,0.0,1.0,1.0,,1.0,3.0
Adam Thielen,WR,2.0,2.0,,1.0,,,1.0,,,1.0,0.0,,,7.0
Adam Trautman,TE,0.0,7.0,,3.0,1.0,,,,2.0,0.0,0.0,,4.0,17.0
Adonai Mitchell,WR,2.0,2.0,,8.0,,,0.0,,0.0,,1.0,4.0,16.0,33.0
Adrian Martinez,QB,,,,,,,,,0.0,,,,,0.0
Albert Okwuegbunam,TE,,,,,3.0,,,,,,,,,3.0
Alec Ingold,RB,0.0,1.0,,,,2.0,,0.0,,0.0,,,,3.0
Alec Pierce,WR,3.0,6.0,6.0,,,4.0,9.0,6.0,11.0,14.0,,2.0,13.0,74.0
Alex Bachman,WR,,,,,0.0,,,,,,,,,0.0
Allen Lazard,WR,,,7.0,0.0,0.0,,1.0,0.0,,,,0.0,1.0,9.0
Alvin Kamara,RB,11.0,10.0,5.0,7.0,4.0,7.0,2.0,4.0,0.0,11.0,,1.0,,62.0
Amar Johnson,RB,,,,,,,,,,,0.0,,,0.0
Ameer Abdullah,RB,,,,,6.0,0.0,1.0,0.0,0.0,0.0,,,,7.0
Amon-Ra St. Brown,WR,4.0,29.0,13.0,19.0,10.0,4.0,14.0,,9.0,11.0,4.0,20.0,,137.0
Andre Baccellia,WR,,,,,,,,,,,0.0,,,0.0
Andrei Iosivas,WR,,1.0,,2.0,8.0,0.0,4.0,,12.0,,2.0,6.0,8.0,43.0
Andrew Beck,RB,,,,,6.0,0.0,,0.0,,,,1.0,,7.0
Andrew Ogletree,TE,,,,,,,,,,,,6.0,0.0,6.0
Andy Dalton,QB,,,0.0,8.0,,,2.0,3.0,,,,,,13.0
Anthony Firkser,TE,,,,,,,,,,,,,0.0,0.0
Anthony Gould,WR,,,,,,,0.0,,,,,,,0.0
Anthony Richardson,QB,,,0.0,,0.0,,,,,,,,,0.0
Antonio Gibson,RB,0.0,2.0,1.0,8.0,2.0,,,,,,,,,13.0
Arian Smith,WR,,0.0,0.0,,1.0,,0.0,2.0,,1.0,,0.0,,4.0
Ashton Dulin,WR,1.0,,,1.0,5.0,,,0.0,,2.0,,4.0,,13.0
Ashton Jeanty,RB,9.0,4.0,6.0,31.0,10.0,14.0,3.0,,14.0,12.0,2.0,16.0,6.0,127.0
Austin Ekeler,RB,5.0,1.0,,,,,,,,,,,,6.0
Austin Hooper,TE,1.0,3.0,2.0,2.0,,0.0,7.0,3.0,2.0,,,3.0,,23.0
Austin Trammell,WR,,,,,,,,,,3.0,1.0,,,4.0
Baker Mayfield,QB,27.0,23.0,19.0,22.0,30.0,23.0,13.0,5.0,,28.0,18.0,4.0,15.0,227.0
Beaux Collins,WR,,,,,0.0,,,1.0,,,,,,1.0
Ben Sinnott,TE,,0.0,,,,,,2.0,,6.0,,,,8.0
Ben Skowronek,WR,8.0,,,,,,,1.0,,,,2.0,,11.0
Benjamin Yurosek,TE,,,,,,,,0.0,,,,,,0.0
Bhayshul Tuten,RB,1.0,13.0,8.0,1.0,0.0,2.0,2.0,,8.0,0.0,13.0,1.0,7.0,56.0
Bijan Robinson,RB,18.0,16.0,10.0,23.0,,29.0,15.0,3.0,9.0,8.0,25.0,12.0,25.0,193.0
Blake Corum,RB,1.0,10.0,5.0,2.0,1.0,2.0,3.0,,5.0,5.0,1.0,2.0,14.0,51.0
Blake Whiteheart,TE,,,,,,0.0,0.0,,,,,,,0.0
Bo Nix,QB,9.0,26.0,15.0,29.0,19.0,14.0,43.0,31.0,21.0,8.0,11.0,,17.0,243.0
Braelon Allen,RB,6.0,1.0,4.0,1.0,,,,,,,,,,12.0
Brandin Cooks,WR,2.0,2.0,2.0,2.0,0.0,2.0,0.0,2.0,1.0,,,,1.0,14.0
Brashard Smith,RB,,0.0,1.0,2.0,3.0,2.0,7.0,0.0,0.0,,0.0,3.0,,18.0
Braxton Berrios,WR,,,,,,,0.0,3.0,,,,,,3.0
Breece Hall,RB,13.0,2.0,5.0,11.0,14.0,5.0,4.0,32.0,,18.0,5.0,10.0,12.0,131.0
Brenden Bates,TE,,,,,2.0,,,,,,,,,2.0
Brenton Strange,TE,5.0,1.0,6.0,4.0,2.0,,,,,,,9.0,10.0,37.0
Brevyn Spann-Ford,TE,,0.0,,,,0.0,,0.0,,,0.0,6.0,,6.0
Brian Robinson,RB,3.0,2.0,2.0,2.0,1.0,0.0,3.0,,11.0,10.0,2.0,4.0,2.0,42.0
Brian Thomas,WR,7.0,4.0,5.0,4.0,8.0,15.0,3.0,,5.0,,,,2.0,53.0
British Brooks,RB,,,,,1.0,,,,0.0,,,,,1.0
Brittain Brown,RB,,,,,,,,,9.0,,,,,9.0
Brock Bowers,TE,10.0,3.0,5.0,4.0,,,,,30.0,3.0,7.0,5.0,18.0,85.0
Brock Purdy,QB,20.0,,,22.0,,,,,,,26.0,8.0,18.0,94.0
Brock Wright,TE,,8.0,,,6.0,,2.0,,1.0,,0.0,2.0,,19.0
Bryce Oliver,WR,0.0,,,,,,,,,,,,,0.0
Bryce Young,QB,11.0,28.0,10.0,12.0,16.0,23.0,12.0,,2.0,1.0,37.0,9.0,28.0,189.0
Brycen Tremayne,WR,,4.0,1.0,3.0,0.0,,,,0.0,,1.0,,,9.0
C.J. Ham,RB,,,,,,,0.0,,,,,,,0.0
C.J. Stroud,QB,8.0,16.0,12.0,22.0,36.0,,15.0,25.0,4.0,,,,9.0,147.0
Cade Otton,TE,,2.0,,0.0,8.0,5.0,6.0,4.0,,8.0,2.0,2.0,0.0,37.0
Cade Stover,TE,2.0,,,,,,,,,,,,1.0,3.0
Caleb Williams,QB,25.0,20.0,36.0,13.0,,22.0,4.0,11.0,42.0,26.0,9.0,28.0,11.0,247.0
Calvin Austin,WR,13.0,2.0,9.0,1.0,,,,2.0,5.0,1.0,0.0,3.0,,36.0
Calvin Ridley,WR,2.0,5.0,2.0,3.0,13.0,1.0,,,,,1.0,,,27.0
Cam Akers,RB,,,1.0,,7.0,,,,,,,,,8.0
Cam Grandy,TE,,,0.0,,,,,,,,,,,0.0
Cam Skattebo,RB,1.0,11.0,18.0,10.0,8.0,28.0,15.0,8.0,,,,,,99.0
Cameron Ward,QB,3.0,12.0,13.0,4.0,8.0,10.0,13.0,14.0,5.0,,15.0,25.0,5.0,127.0
Carson Wentz,QB,,,18.0,25.0,16.0,,10.0,9.0,,,,,,78.0
Cartavious Bigsby,RB,1.0,,,,,,1.0,10.0,,0.0,3.0,0.0,,15.0
Carter Runyon,TE,,,,,,,0.0,,,,,,,0.0
Casey Washington,WR,3.0,,,1.0,,,1.0,2.0,,,,,,7.0
Cedric Tillman,WR,11.0,8.0,2.0,0.0,,,,,,1.0,5.0,0.0,,27.0
Cedrick Wilson,WR,,,,,,,,0.0,0.0,,,,1.0,1.0
CeeDee Lamb,WR,11.0,11.0,,,,,17.0,7.0,8.0,,12.0,7.0,17.0,90.0
Charlie Kolar,TE,,,2.0,,1.0,,,7.0,8.0,2.0,,,1.0,21.0
Charlie Woerner,TE,,,0.0,,,,,,,1.0,,2.0,,3.0
Chase Brown,RB,10.0,5.0,1.0,7.0,4.0,6.0,10.0,22.0,10.0,,11.0,12.0,10.0,108.0
Chatarius Atwell,WR,0.0,,,14.0,7.0,,,,,,,,,21.0
Chigoziem Okonkwo,TE,1.0,3.0,6.0,0.0,4.0,4.0,,5.0,1.0,,5.0,4.0,2.0,35.0
Chimere Dike,WR,0.0,0.0,0.0,0.0,1.0,0.0,13.0,9.0,0.0,,1.0,10.0,-1.0,33.0
Chris Godwin,WR,,,,2.0,2.0,,,,,,,0.0,7.0,11.0
Chris Manhertz,TE,,,0.0,,,,,,,,,,,0.0
Chris Moore,WR,3.0,,2.0,0.0,,10.0,5.0,,,,2.0,,,22.0
Chris Olave,WR,5.0,5.0,5.0,6.0,5.0,9.0,21.0,6.0,5.0,16.0,,7.0,10.0,100.0
Christian Kirk,WR,,,2.0,2.0,6.0,,,,2.0,0.0,0.0,11.0,,23.0
Christian McCaffrey,RB,13.0,16.0,13.0,19.0,19.0,16.0,31.0,6.0,28.0,9.0,30.0,19.0,13.0,232.0
Christian Watson,WR,,,,,,,,8.0,5.0,4.0,16.0,4.0,14.0,51.0
Christopher Brooks,RB,0.0,2.0,,0.0,,0.0,,,2.0,,0.0,2.0,0.0,6.0
Christopher Rodriguez,RB,,,3.0,5.0,0.0,,7.0,0.0,12.0,7.0,7.0,,10.0,51.0
Chuba Hubbard,RB,14.0,12.0,7.0,6.0,,,5.0,9.0,1.0,1.0,2.0,3.0,18.0,78.0
Clyde Edwards-Helaire,RB,,,,,,,,,0.0,,,0.0,,0.0
Cody White,WR,,,,,,,,,12.0,,,,2.0,14.0
Colby Parkinson,TE,-1.0,,,1.0,,,4.0,,1.0,10.0,7.0,10.0,2.0,34.0
Cole Kmet,TE,3.0,2.0,7.0,4.0,,0.0,1.0,,1.0,0.0,4.0,0.0,9.0,31.0
Colson Yankoff,TE,,,,,,,,,,,0.0,,1.0,1.0
Colston Loveland,TE,1.0,,3.0,,,1.0,2.0,3.0,23.0,5.0,4.0,10.0,2.0,54.0
Connor Heyward,TE,,0.0,,0.0,,7.0,,,0.0,,0.0,0.0,,7.0
Cooper Kupp,WR,1.0,9.0,3.0,2.0,5.0,10.0,1.0,,,7.0,2.0,2.0,2.0,44.0
Cooper Rush,QB,,0.0,,2.0,1.0,-1.0,,,,,,,,2.0
Courtland Sutton,WR,12.0,0.0,17.0,14.0,9.0,1.0,10.0,6.0,9.0,2.0,5.0,,12.0,97.0
Craig Reynolds,RB,,0.0,,,,,,,,,,,,0.0
Curtis Samuel,WR,,,,0.0,8.0,,,,0.0,2.0,1.0,,,11.0
D'Andre Swift,RB,6.0,11.0,7.0,11.0,,22.0,19.0,12.0,,9.0,9.0,1.0,19.0,126.0
D'Ernest Johnson,RB,,,,,,,0.0,,,0.0,0.0,,,0.0
D'Wayne Eskridge,WR,0.0,0.0,,,,,3.0,,,,,,,3.0
D.J. Moore,WR,5.0,4.0,8.0,3.0,,5.0,4.0,7.0,20.0,,1.0,18.0,2.0,77.0
D.K. Metcalf,WR,8.0,8.0,9.0,18.0,,15.0,5.0,11.0,0.0,3.0,4.0,9.0,3.0,93.0
DJ Giddens,RB,4.0,,0.0,,2.0,,,,,,,,,6.0
Dak Prescott,QB,7.0,25.0,14.0,36.0,35.0,28.0,28.0,6.0,17.0,,33.0,30.0,24.0,283.0
Dallas Goedert,TE,4.0,,9.0,15.0,7.0,17.0,1.0,14.0,,4.0,2.0,2.0,2.0,77.0
Dalton Kincaid,TE,10.0,3.0,12.0,8.0,10.0,,,2.0,16.0,3.0,,,,64.0
Dalton Schultz,TE,2.0,2.0,3.0,3.0,6.0,,9.0,2.0,7.0,11.0,5.0,0.0,5.0,55.0
Dameon Pierce,RB,0.0,,,,2.0,,,,,,,,,2.0
Daniel Bellinger,TE,1.0,,0.0,1.0,5.0,,14.0,2.0,,0.0,,,,23.0
Daniel Jones,QB,30.0,24.0,17.0,12.0,20.0,26.0,25.0,28.0,17.0,18.0,,20.0,20.0,257.0
Dante Pettis,WR,,,,,,,,,,,,1.0,,1.0
Dare Ogunbowale,RB,0.0,,,,,,,0.0,0.0,,0.0,,,0.0
Dareke Young,WR,,,1.0,,3.0,,,,,,,,,4.0
Darius Cooper,WR,,,,,,,,,,,,0.0,,0.0
Darius Slayton,WR,,6.0,3.0,4.0,2.0,,,2.0,6.0,8.0,,2.0,12.0,45.0
Darnell Mooney,WR,,2.0,4.0,1.0,,,6.0,1.0,1.0,1.0,3.0,13.0,2.0,34.0
Darnell Washington,TE,,2.0,,2.0,,6.0,6.0,,4.0,1.0,6.0,2.0,4.0,33.0
Darren Waller,TE,,,,14.0,13.0,7.0,,,,,,,4.0,38.0
Davante Adams,WR,5.0,16.0,11.0,11.0,8.0,3.0,21.0,,18.0,13.0,6.0,18.0,17.0,147.0
David Martin-Robinson,TE,,,,,,6.0,,,,,,,,6.0
David Montgomery,RB,3.0,11.0,28.0,1.0,18.0,5.0,3.0,,10.0,9.0,3.0,2.0,10.0,103.0
David Moore,WR,,,0.0,1.0,,,,,,,,,,1.0
David Njoku,TE,3.0,4.0,4.0,1.0,12.0,2.0,,9.0,,8.0,0.0,,0.0,43.0
David Sills,WR,,,0.0,,,,,1.0,,,1.0,7.0,7.0,16.0
Davis Allen,TE,7.0,6.0,0.0,0.0,2.0,0.0,0.0,,3.0,6.0,,2.0,0.0,26.0
Davis Mills,QB,,,,,0.0,,,,5.0,31.0,17.0,18.0,,71.0
Dawson Knox,TE,2.0,1.0,,,1.0,7.0,,1.0,3.0,3.0,2.0,1.0,2.0,23.0
De'Von Achane,RB,13.0,18.0,8.0,15.0,10.0,26.0,9.0,14.0,9.0,34.0,16.0,,19.0,191.0
DeAndre Hopkins,WR,9.0,12.0,1.0,,4.0,2.0,,1.0,,1.0,1.0,1.0,2.0,34.0
DeVonta Smith,WR,1.0,5.0,12.0,2.0,11.0,4.0,24.0,8.0,,12.0,0.0,8.0,4.0,91.0
DeeJay Dallas,RB,,,,,,0.0,,,,,,,,0.0
Deebo Samuel,WR,14.0,10.0,2.0,13.0,15.0,1.0,,1.0,4.0,8.0,13.0,,6.0,87.0
Demarcus Robinson,WR,,,,2.0,3.0,4.0,,2.0,,3.0,1.0,0.0,0.0,15.0
Demario Douglas,WR,6.0,0.0,0.0,,1.0,13.0,1.0,4.0,16.0,3.0,3.0,4.0,3.0,54.0
Derius Davis,WR,0.0,,-1.0,,,,,,,0.0,,,,-1.0
Derrick Henry,RB,28.0,2.0,10.0,5.0,9.0,12.0,,19.0,11.0,7.0,17.0,20.0,16.0,156.0
Devaughn Vele,WR,1.0,6.0,,,1.0,,,1.0,,1.0,,3.0,15.0,28.0
Deven Thompkins,WR,,,,,,,,,,,,,2.0,2.0
Devin Duvernay,WR,,,,,,,,0.0,,,,,,0.0
Devin Neal,RB,0.0,,,,,,0.0,1.0,1.0,2.0,,5.0,6.0,15.0
Devin Singletary,RB,0.0,0.0,1.0,2.0,2.0,1.0,0.0,2.0,4.0,7.0,16.0,4.0,15.0,54.0
Devontez Walker,WR,,14.0,3.0,,,,,,,,,3.0,,20.0
Dillon Gabriel,QB,,6.0,,0.0,19.0,8.0,5.0,15.0,,23.0,2.0,,0.0,78.0
Dont'e Thornton,WR,4.0,2.0,2.0,,,,,,,0.0,,1.0,1.0,10.0
Dontayvion Wicks,WR,3.0,4.0,2.0,1.0,,1.0,0.0,,,3.0,0.0,3.0,21.0,38.0
Drake London,WR,5.0,3.0,5.0,17.0,,21.0,4.0,,29.0,18.0,11.0,,,113.0
Drake Maye,QB,16.0,30.0,23.0,27.0,11.0,32.0,26.0,32.0,21.0,21.0,17.0,17.0,24.0,297.0
Drew Lock,QB,,,0.0,,,,,,,0.0,,,,0.0
Drew Sample,TE,,0.0,8.0,,0.0,0.0,,,,,,0.0,1.0,9.0
Durham Smythe,TE,,,,,,,,,,,0.0,0.0,,0.0
Dyami Brown,WR,5.0,11.0,0.0,,1.0,1.0,5.0,,2.0,,,,,25.0
Dylan Drummond,WR,,,,,,,,,,,,1.0,0.0,1.0
Dylan Laube,RB,,1.0,0.0,,,,0.0,,,,,,,1.0
Dylan Sampson,RB,8.0,7.0,0.0,0.0,0.0,2.0,0.0,2.0,,0.0,1.0,13.0,2.0,35.0
Elic Ayomanor,WR,1.0,11.0,9.0,4.0,1.0,2.0,2.0,5.0,4.0,,1.0,,0.0,40.0
Elijah Arroyo,TE,0.0,3.0,,4.0,1.0,0.0,3.0,,8.0,0.0,,0.0,,19.0
Elijah Higgins,TE,0.0,4.0,0.0,,1.0,3.0,0.0,,3.0,1.0,0.0,,1.0,13.0
Elijah Moore,WR,0.0,9.0,4.0,0.0,,,,1.0,2.0,0.0,,0.0,,16.0
Emanuel Wilson,RB,0.0,,2.0,7.0,,1.0,1.0,8.0,1.0,0.0,12.0,23.0,1.0,56.0
Emari Demercado,RB,,,0.0,7.0,7.0,0.0,,,7.0,10.0,1.0,,,32.0
Emeka Egbuka,WR,18.0,8.0,8.0,16.0,24.0,2.0,5.0,3.0,,17.0,4.0,3.0,4.0,112.0
Eric Saubert,TE,,,1.0,,,,,,,,,,,1.0
Evan Engram,TE,2.0,1.0,,2.0,9.0,4.0,4.0,3.0,,1.0,3.0,,7.0,36.0
Evan Hull,RB,,,,,,,,,,,,,1.0,1.0
Feleipe Franks,TE,,,,,,0.0,,,,,,0.0,,0.0
Foster Moreau,TE,,,,,,0.0,,,,1.0,,,1.0,2.0
Gabriel Davis,WR,,,,,,,,,,,4.0,2.0,0.0,6.0
Gage Larvadain,WR,,,,,,2.0,,0.0,,,,,1.0,3.0
Gardner Minshew,QB,,,,0.0,,,0.0,,,,,,,0.0
Garrett Wilson,WR,15.0,5.0,14.0,14.0,13.0,1.0,,,,,,,,62.0
Geno Smith,QB,19.0,3.0,31.0,13.0,5.0,10.0,2.0,,33.0,3.0,14.0,16.0,16.0,165.0
George Holani,RB,,,2.0,,,,,,0.0,9.0,0.0,,,11.0
George Kittle,TE,8.0,,,,,,,10.0,3.0,14.0,18.0,7.0,6.0,66.0
George Pickens,WR,3.0,12.0,12.0,25.0,11.0,22.0,8.0,7.0,7.0,,20.0,20.0,10.0,157.0
Grant Calcaterra,TE,,0.0,,1.0,1.0,,,,,,,0.0,,2.0
Greg Dortch,WR,0.0,1.0,0.0,3.0,1.0,6.0,0.0,,0.0,6.0,12.0,11.0,1.0,41.0
Greg Dulcich,TE,,,,,,,,,4.0,2.0,1.0,,2.0,9.0
Gunnar Helm,TE,1.0,0.0,2.0,1.0,3.0,1.0,3.0,8.0,1.0,,2.0,5.0,2.0,29.0
Gunner Olszewski,WR,,,,,,,,,8.0,,,7.0,-1.0,14.0
Harold Fannin,TE,6.0,4.0,2.0,2.0,7.0,8.0,3.0,12.0,,4.0,2.0,4.0,9.0,63.0
Harrison Bryant,TE,,,,,0.0,,,,0.0,,,,,0.0
Hassan Haskins,RB,,,,,1.0,1.0,0.0,,,,,,,2.0
Hunter Henry,TE,6.0,0.0,21.0,9.0,4.0,2.0,3.0,6.0,5.0,0.0,4.0,17.0,7.0,84.0
Hunter Long,TE,6.0,,1.0,8.0,0.0,1.0,1.0,,0.0,,,,,17.0
Hunter Luepke,RB,,,,0.0,1.0,6.0,0.0,0.0,,,3.0,0.0,,10.0
Hunter Renfrow,WR,1.0,16.0,0.0,1.0,0.0,0.0,,,,,,,,18.0
Ian Thomas,TE,,,,,2.0,0.0,,,0.0,,2.0,3.0,0.0,7.0
Isaac TeSlaa,WR,7.0,2.0,,,7.0,,,,,1.0,,,9.0,26.0
Isaiah Bond,WR,0.0,0.0,1.0,5.0,2.0,0.0,,,,,0.0,5.0,1.0,14.0
Isaiah Davis,RB,1.0,0.0,,1.0,2.0,0.0,3.0,12.0,,1.0,1.0,0.0,,21.0
Isaiah Hodgins,WR,,,,,,,,,,,5.0,10.0,0.0,15.0
Isaiah Likely,TE,,,,,1.0,0.0,,0.0,6.0,1.0,1.0,1.0,8.0,18.0
Isaiah Williams,WR,,,,-1.0,,,,5.0,,0.0,0.0,,,4.0
Isiah Pacheco,RB,2.0,2.0,4.0,10.0,5.0,5.0,11.0,5.0,,,,,2.0,46.0
J.J. McCarthy,QB,25.0,3.0,,,,,,,22.0,15.0,8.0,0.0,,73.0
J.K. Dobbins,RB,12.0,13.0,14.0,10.0,13.0,4.0,8.0,12.0,6.0,7.0,,,,99.0
Ja'Marr Chase,WR,2.0,22.0,4.0,2.0,23.0,15.0,22.0,9.0,11.0,,3.0,,11.0,124.0
Ja'Tavion Sanders,TE,2.0,5.0,1.0,,,,,1.0,0.0,3.0,2.0,0.0,,14.0
Jacardia Wright,RB,,,2.0,,,,,,,,,,,2.0
Jack Bech,WR,2.0,,1.0,,2.0,,1.0,,,,1.0,,2.0,9.0
Jack Stoll,TE,,,8.0,0.0,,,,,,,,0.0,,8.0
Jackson Hawes,TE,2.0,0.0,6.0,1.0,,,,1.0,1.0,8.0,,2.0,1.0,22.0
Jacob Saylors,RB,,,,1.0,,,,,,,,,,1.0
Jacoby Brissett,QB,,0.0,,,0.0,23.0,24.0,,28.0,25.0,26.0,20.0,23.0,169.0
Jacoby Jones,WR,,,,,,,,,,,2.0,,,2.0
Jacory Croskey-Merritt,RB,14.0,1.0,8.0,5.0,25.0,5.0,3.0,2.0,3.0,3.0,2.0,,2.0,73.0
Jahan Dotson,WR,5.0,0.0,0.0,,2.0,1.0,,10.0,,,4.0,,1.0,23.0
Jahmyr Gibbs,RB,4.0,16.0,21.0,15.0,14.0,6.0,33.0,,2.0,35.0,13.0,43.0,7.0,209.0
Jake Bobo,WR,,,,1.0,,,0.0,,,,,,,1.0
Jake Browning,QB,,21.0,7.0,5.0,25.0,,,,,,,0.0,,58.0
Jake Ferguson,TE,2.0,7.0,8.0,10.0,16.0,9.0,14.0,,4.0,,7.0,6.0,3.0,86.0
Jake Tonges,TE,7.0,3.0,2.0,11.0,10.0,5.0,,6.0,,,,,,44.0
Jakobi Meyers,WR,9.0,6.0,6.0,3.0,3.0,3.0,,,2.0,4.0,6.0,11.0,15.0,68.0
Jaleel McLaughlin,RB,,,,,,0.0,,,,,7.0,,2.0,9.0
Jalen Coker,WR,,,,,,,,3.0,0.0,2.0,7.0,3.0,13.0,28.0
Jalen Hurts,QB,24.0,11.0,36.0,23.0,23.0,22.0,31.0,33.0,,14.0,14.0,32.0,21.0,284.0
Jalen Milroe,QB,0.0,,0.0,,-1.0,,,,,,,,,-1.0
Jalen Nailor,WR,2.0,3.0,3.0,8.0,3.0,,3.0,,1.0,18.0,1.0,,,42.0
Jalen Tolbert,WR,0.0,1.0,4.0,6.0,,0.0,1.0,10.0,,,,,,22.0
Jalin Hyatt,WR,,,,,,1.0,,,,,1.0,,,2.0
Jamal Agnew,WR,,,,,,,,,,,,,-1.0,-1.0
Jamari Thrash,WR,0.0,0.0,0.0,,2.0,1.0,2.0,3.0,,,,,,8.0
Jameis Winston,QB,,,,,,,,,,,12.0,34.0,,46.0
James Conner,RB,9.0,10.0,3.0,,,,,,,,,,,22.0
James Cook,RB,15.0,25.0,17.0,18.0,4.0,8.0,,33.0,12.0,6.0,16.0,18.0,16.0,188.0
James Mitchell,TE,,,,1.0,1.0,,,,,,,,,2.0
James Proche,WR,,,,,,,,,,,,4.0,1.0,5.0
Jameson Williams,WR,2.0,16.0,4.0,4.0,0.0,12.0,,,12.0,17.0,14.0,,20.0,101.0
Jared Goff,QB,13.0,43.0,14.0,16.0,27.0,20.0,12.0,,23.0,30.0,14.0,21.0,24.0,257.0
Jared Wayne,WR,,,,,,,,2.0,,,,,,2.0
Jared Wiley,TE,,,,,,,,,,,,,0.0,0.0
Jaret Patterson,RB,,,,,,,,3.0,4.0,0.0,,,11.0,18.0
Jarrett Stidham,QB,,,,,,,,0.0,,,,,,0.0
Jauan Jennings,WR,1.0,14.0,,4.0,,0.0,3.0,4.0,10.0,12.0,5.0,10.0,9.0,72.0
Javonte Williams,RB,18.0,18.0,7.0,15.0,25.0,2.0,17.0,16.0,7.0,,9.0,9.0,13.0,156.0
Jaxon Smith-Njigba,WR,11.0,10.0,15.0,8.0,19.0,22.0,18.0,,13.0,15.0,11.0,28.0,2.0,172.0
Jaxson Dart,QB,,0.0,0.0,21.0,20.0,24.0,34.0,20.0,30.0,26.0,,,15.0,190.0
Jayden Daniels,QB,21.0,23.0,,,18.0,28.0,20.0,,15.0,,,,,125.0
Jayden Higgins,WR,3.0,2.0,0.0,8.0,3.0,,,9.0,0.0,10.0,5.0,9.0,6.0,55.0
Jayden Reed,WR,10.0,,,,,,,,,,,,,10.0
Jaydon Blue,RB,,,,,0.0,0.0,2.0,2.0,,,,,,4.0
Jaylen Waddle,WR,3.0,12.0,9.0,4.0,17.0,9.0,1.0,15.0,8.0,14.0,5.0,,4.0,101.0
Jaylen Warren,RB,11.0,12.0,7.0,,,6.0,15.0,7.0,15.0,9.0,6.0,12.0,9.0,109.0
Jaylen Wright,RB,,,,,,,,2.0,,1.0,0.0,,1.0,4.0
Jaylin Lane,WR,1.0,0.0,0.0,1.0,1.0,3.0,6.0,0.0,1.0,4.0,1.0,,,18.0
Jaylin Noel,WR,0.0,,0.0,0.0,7.0,,7.0,6.0,0.0,3.0,1.0,0.0,,24.0
Jeremy McNichols,RB,2.0,,13.0,0.0,1.0,3.0,4.0,6.0,0.0,2.0,2.0,,3.0,36.0
Jeremy Ruckert,TE,1.0,6.0,,2.0,2.0,,,2.0,,0.0,2.0,,1.0,16.0
Jerome Ford,RB,0.0,5.0,1.0,0.0,3.0,2.0,1.0,0.0,,0.0,0.0,0.0,1.0,13.0
Jerry Jeudy,WR,6.0,5.0,1.0,4.0,1.0,4.0,1.0,,,13.0,2.0,2.0,2.0,41.0
Jimmy Garoppolo,QB,,,,,,,0.0,,,,,,,0.0
Jimmy Horn,WR,,,,,3.0,4.0,0.0,0.0,0.0,,,1.0,,8.0
Jo'quavious Marks,RB,0.0,4.0,2.0,23.0,2.0,,9.0,10.0,2.0,13.0,4.0,7.0,6.0,82.0
Joe Burrow,QB,10.0,9.0,,,,,,,,,,,22.0,41.0
Joe Flacco,QB,13.0,10.0,3.0,2.0,,22.0,31.0,27.0,39.0,,11.0,11.0,,169.0
Joe Milton,QB,,,-1.0,,,,,8.0,,,,,,7.0
John Bates,TE,,,,,0.0,,0.0,2.0,2.0,0.0,,,0.0,4.0
John FitzPatrick,TE,0.0,,7.0,,,,0.0,0.0,,,0.0,1.0,,8.0
John Metchie,WR,,0.0,0.0,1.0,,,,,,0.0,10.0,12.0,1.0,24.0
John Mundt,TE,,,0.0,,0.0,1.0,0.0,,,2.0,2.0,1.0,,6.0
Jonathan Taylor,RB,9.0,27.0,29.0,9.0,28.0,19.0,30.0,35.0,5.0,46.0,,5.0,11.0,253.0
Jonnu Smith,TE,7.0,2.0,2.0,0.0,,2.0,8.0,1.0,2.0,0.0,,2.0,0.0,26.0
Jordan Addison,WR,,,,11.0,10.0,,12.0,8.0,5.0,3.0,8.0,,3.0,60.0
Jordan Love,QB,19.0,24.0,12.0,32.0,,16.0,15.0,34.0,8.0,8.0,20.0,6.0,33.0,227.0
Jordan Mason,RB,6.0,3.0,23.0,6.0,10.0,,11.0,0.0,3.0,2.0,10.0,4.0,4.0,82.0
Jordan Watkins,WR,,,,,,,,0.0,1.0,,,,,1.0
Jordan Whittington,WR,0.0,4.0,0.0,0.0,3.0,2.0,0.0,,,,0.0,1.0,,10.0
Josh Allen,QB,42.0,10.0,28.0,28.0,24.0,19.0,,24.0,29.0,24.0,48.0,8.0,17.0,301.0
Josh Downs,WR,1.0,5.0,3.0,2.0,5.0,10.0,,9.0,10.0,0.0,,1.0,4.0,50.0
Josh Jacobs,RB,12.0,14.0,7.0,27.0,,26.0,17.0,10.0,15.0,15.0,4.0,,8.0,155.0
Josh Oliver,TE,0.0,,7.0,,9.0,,0.0,,,,0.0,0.0,,16.0
Josh Palmer,WR,6.0,4.0,0.0,2.0,3.0,6.0,,,,,1.0,2.0,,24.0
Josh Reynolds,WR,1.0,,,,4.0,2.0,2.0,,,,,,,9.0
Josh Whyle,TE,,,,,,,,,,,6.0,0.0,,6.0
Josh Williams,RB,,,,,,,,1.0,,,,,,1.0
Joshua Dobbs,QB,,,,0.0,,,0.0,,,,,,,0.0
Josiah Deguara,TE,,,,,,,,,,,,0.0,,0.0
JuJu Smith-Schuster,WR,5.0,0.0,5.0,9.0,1.0,5.0,3.0,2.0,0.0,,,0.0,,30.0
Julian Hill,TE,2.0,,0.0,1.0,2.0,3.0,0.0,,,,1.0,,,9.0
Julius Chestnut,RB,0.0,,2.0,0.0,0.0,,,0.0,,,,0.0,,2.0
Justice Hill,RB,0.0,1.0,4.0,23.0,0.0,3.0,,0.0,1.0,7.0,,,,39.0
Justin Fields,QB,30.0,4.0,,30.0,29.0,4.0,3.0,22.0,,8.0,21.0,,,151.0
Justin Herbert,QB,33.0,23.0,16.0,14.0,16.0,22.0,33.0,31.0,31.0,15.0,3.0,,16.0,253.0
Justin Jefferson,WR,10.0,8.0,7.0,12.0,12.0,,7.0,7.0,10.0,3.0,6.0,4.0,0.0,86.0
Justin Watson,WR,2.0,0.0,,,,,,,,,,,,2.0
Juwan Johnson,TE,7.0,10.0,5.0,2.0,1.0,0.0,7.0,5.0,9.0,15.0,,4.0,3.0,68.0
KaVontae Turpin,WR,1.0,10.0,6.0,3.0,,,1.0,0.0,1.0,,0.0,3.0,5.0,30.0
Kaleb Johnson,RB,0.0,0.0,,2.0,,1.0,,,0.0,0.0,1.0,,0.0,4.0
Kalif Raymond,WR,1.0,1.0,0.0,1.0,,,1.0,,,5.0,,3.0,,12.0
Kameron Johnson,WR,,,,,0.0,12.0,,,,1.0,,,,13.0
Kareem Hunt,RB,2.0,3.0,10.0,4.0,16.0,3.0,1.0,16.0,10.0,,11.0,17.0,7.0,100.0
Kayshon Boutte,WR,10.0,7.0,2.0,1.0,4.0,21.0,11.0,13.0,,,,1.0,9.0,79.0
Ke'Shawn Williams,WR,,,,,,,,,,-1.0,,,,-1.0
KeAndre Lambert-Smith,WR,,,,,,0.0,,,,,,,,0.0
Keaton Mitchell,RB,,,,,0.0,,,4.0,1.0,3.0,5.0,1.0,8.0,22.0
Kedon Slovis,QB,,,,,,,,,,0.0,,0.0,,0.0
Keenan Allen,WR,12.0,12.0,12.0,3.0,5.0,2.0,17.0,4.0,4.0,1.0,5.0,,3.0,80.0
Keleki Latu,TE,,,,,,,,,,,0.0,,,0.0
Kendall Milton,RB,,,,,,,,,,,0.0,,,0.0
Kendre Miller,RB,2.0,0.0,2.0,12.0,4.0,3.0,0.0,,,,,,,23.0
Kendrick Bourne,WR,,3.0,3.0,1.0,14.0,14.0,1.0,4.0,3.0,1.0,,,,44.0
Kenneth Walker,RB,2.0,17.0,16.0,10.0,8.0,3.0,6.0,,5.0,6.0,16.0,10.0,6.0,105.0
Kenny Gainwell,RB,1.0,3.0,8.0,24.0,,3.0,1.0,2.0,3.0,0.0,22.0,12.0,4.0,83.0
Kenny Pickett,QB,,,,,,,-1.0,,,0.0,,,,-1.0
Keon Coleman,WR,17.0,2.0,2.0,4.0,7.0,1.0,,3.0,1.0,10.0,,,6.0,53.0
Khadarel Hodge,WR,,,,,,,,3.0,,,,,,3.0
Khalil Shakir,WR,6.0,1.0,10.0,12.0,4.0,3.0,,14.0,4.0,5.0,0.0,10.0,0.0,69.0
Kimani Vidal,RB,,,,,1.0,19.0,3.0,18.0,3.0,16.0,1.0,,19.0,80.0
Kirk Cousins,QB,,,1.0,,,,,6.0,,,1.0,17.0,15.0,40.0
Konata Mumpfield,WR,,,,,,0.0,6.0,,,,,2.0,,8.0
Kyle Allen,QB,,,,0.0,,,,,,0.0,,,,0.0
Kyle Juszczyk,RB,3.0,0.0,6.0,3.0,2.0,0.0,1.0,0.0,1.0,0.0,2.0,,2.0,20.0
Kyle Monangai,RB,1.0,2.0,1.0,1.0,,3.0,15.0,2.0,19.0,8.0,9.0,10.0,19.0,90.0
Kyle Pitts,TE,5.0,3.0,3.0,13.0,,1.0,6.0,5.0,3.0,3.0,1.0,2.0,8.0,53.0
Kyle Williams,WR,1.0,,0.0,0.0,,,,,,13.0,,1.0,9.0,24.0
Kylen Granson,TE,0.0,0.0,,,,,,,,,0.0,,,0.0
Kyler Murray,QB,21.0,15.0,15.0,20.0,15.0,,,,,,,,,86.0
Kyren Williams,RB,12.0,7.0,16.0,7.0,23.0,14.0,6.0,,17.0,20.0,15.0,4.0,13.0,154.0
LaJohntay Wester,WR,,,,,,,,,,,-1.0,,,-1.0
Ladd McConkey,WR,7.0,4.0,4.0,1.0,9.0,16.0,6.0,14.0,5.0,16.0,1.0,,9.0,92.0
Lamar Jackson,QB,33.0,34.0,32.0,12.0,,,,,33.0,18.0,4.0,7.0,7.0,180.0
LeQuint Allen,RB,0.0,1.0,0.0,0.0,,1.0,0.0,,1.0,0.0,3.0,0.0,,6.0
Lil'Jordan Humphrey,WR,,,,,,5.0,,,,,,,,5.0
Lucas Krull,TE,0.0,,0.0,,,,,,,,,,,0.0
Luke Farrell,TE,0.0,7.0,,1.0,0.0,,1.0,,0.0,7.0,,0.0,,16.0
Luke McCaffrey,WR,,3.0,11.0,8.0,5.0,9.0,,2.0,,,,,,38.0
Luke Musgrave,TE,0.0,3.0,,0.0,,0.0,,0.0,3.0,2.0,0.0,0.0,2.0,10.0
Luke Schoonmaker,TE,,,0.0,0.0,0.0,0.0,,2.0,1.0,,,,0.0,3.0
Luther Burden,WR,0.0,0.0,16.0,0.0,,5.0,2.0,0.0,,5.0,2.0,5.0,3.0,38.0
Mac Jones,QB,,28.0,15.0,,25.0,10.0,5.0,21.0,20.0,28.0,0.0,,0.0,152.0
Mack Hollins,WR,0.0,6.0,2.0,6.0,,2.0,4.0,8.0,0.0,10.0,6.0,3.0,2.0,49.0
Malachi Corley,WR,,,,,1.0,,1.0,3.0,,3.0,0.0,0.0,0.0,8.0
Malik Davis,RB,,,,,,,,0.0,0.0,,2.0,2.0,10.0,14.0
Malik Heath,WR,,3.0,,0.0,,,,2.0,1.0,,,,,6.0
Malik Nabers,WR,7.0,28.0,1.0,2.0,,,,,,,,,,38.0
Malik Washington,WR,2.0,2.0,3.0,1.0,0.0,2.0,3.0,9.0,4.0,6.0,4.0,,3.0,39.0
Malik Willis,QB,,,,,,,,,,,7.0,0.0,,7.0
Mar'Keise Irving,RB,9.0,12.0,9.0,21.0,,,,,,,,,14.0,65.0
Marcus Mariota,QB,,,23.0,20.0,,,3.0,12.0,,22.0,16.0,,26.0,122.0
Mark Andrews,TE,0.0,0.0,21.0,3.0,2.0,2.0,,3.0,14.0,7.0,12.0,0.0,4.0,68.0
Marquez Valdes-Scantling,WR,,,0.0,,0.0,2.0,,,,,,,,2.0
Marquise Brown,WR,9.0,3.0,4.0,9.0,4.0,16.0,7.0,,7.0,,4.0,1.0,8.0,72.0
Marvin Harrison,WR,13.0,2.0,4.0,12.0,9.0,3.0,5.0,,15.0,11.0,,,6.0,80.0
Marvin Mims,WR,0.0,8.0,0.0,13.0,1.0,3.0,9.0,1.0,,,0.0,,0.0,35.0
Mason Kinsey,WR,,,,,,,,,,,1.0,,,1.0
Mason Rudolph,QB,,0.0,,,,0.0,,,,,11.0,9.0,-2.0,18.0
Mason Taylor,TE,2.0,0.0,1.0,6.0,8.0,0.0,3.0,9.0,,0.0,3.0,2.0,2.0,36.0
Mason Tipton,WR,,,,,,,,,,,,3.0,2.0,5.0
Matthew Golden,WR,1.0,1.0,5.0,5.0,,9.0,3.0,0.0,0.0,,2.0,,,26.0
Matthew Stafford,QB,15.0,21.0,17.0,33.0,32.0,12.0,37.0,,35.0,35.0,17.0,28.0,16.0,298.0
Max Brosmer,QB,,,1.0,,0.0,,,0.0,,,,,-3.0,-2.0
Mecole Hardman,WR,,,,,,,,,,,-1.0,,,-1.0
Michael Bandy,WR,,,,,,,,,0.0,,,,,0.0
Michael Carter,RB,,,,0.0,13.0,6.0,3.0,,,0.0,2.0,5.0,5.0,34.0
Michael Mayer,TE,3.0,0.0,,,,11.0,1.0,,2.0,2.0,1.0,1.0,,21.0
Michael Penix,QB,25.0,5.0,2.0,22.0,,16.0,14.0,,27.0,14.0,7.0,,,132.0
Michael Pittman,WR,14.0,4.0,13.0,10.0,9.0,2.0,13.0,15.0,11.0,1.0,,8.0,1.0,101.0
Michael Wilson,WR,0.0,7.0,0.0,1.0,1.0,4.0,4.0,,6.0,3.0,18.0,11.0,3.0,58.0
Mike Evans,WR,5.0,5.0,9.0,,,,,,,,,,,19.0
Mike Gesicki,TE,1.0,1.0,0.0,0.0,1.0,,,,,,,3.0,1.0,7.0
Miles Sanders,RB,4.0,7.0,5.0,1.0,,,,,,,,,,17.0
Mitchell Evans,TE,,0.0,0.0,8.0,6.0,2.0,2.0,,,,2.0,,2.0,22.0
Mitchell Tinsley,WR,,7.0,,0.0,,,,,2.0,,,8.0,2.0,19.0
Mitchell Trubisky,QB,,1.0,,,,,,0.0,,0.0,,,,1.0
Mo Alie-Cox,TE,2.0,0.0,,,,1.0,0.0,,,,,0.0,,3.0
Myles Gaskin,RB,,,,,,,,,,,,,0.0,0.0
Myles Price,WR,,-1.0,,,,,,,,-1.0,,-1.0,,-3.0
Najee Harris,RB,0.0,4.0,2.0,,,,,,,,,,,6.0
Nate Adkins,TE,,,,0.0,,8.0,2.0,,,,,,,10.0
Nathan Carter,RB,,,3.0,,,,,1.0,,,,,,4.0
Nick Chubb,RB,6.0,12.0,3.0,5.0,12.0,,1.0,6.0,3.0,4.0,1.0,1.0,9.0,63.0
Nick Mullens,QB,,,,,,,,,,,,,0.0,0.0
Nick Westbrook,WR,0.0,1.0,,0.0,,,1.0,1.0,2.0,0.0,,,,5.0
Nico Collins,WR,2.0,11.0,15.0,7.0,11.0,,2.0,,7.0,15.0,15.0,5.0,15.0,105.0
Nikko Remigio,WR,,2.0,1.0,,,,,,,,,,,3.0
Noah Brown,WR,2.0,0.0,,,,,,,,,,,,2.0
Noah Fant,TE,8.0,2.0,1.0,,,2.0,10.0,4.0,8.0,,2.0,0.0,0.0,37.0
Noah Gray,TE,0.0,0.0,1.0,0.0,,2.0,2.0,2.0,,,0.0,2.0,,9.0
Nyheim Hines,RB,,,,,,,,0.0,,,,,,0.0
Olamide Zaccheaus,WR,4.0,1.0,3.0,4.0,,2.0,0.0,3.0,11.0,0.0,,0.0,1.0,29.0
Ollie Gordon,RB,0.0,0.0,9.0,1.0,0.0,0.0,1.0,12.0,0.0,0.0,10.0,,1.0,34.0
Omarion Hampton,RB,5.0,2.0,18.0,21.0,6.0,,,,,,,,,52.0
Oronde Gadsden,TE,,,4.0,1.0,1.0,5.0,22.0,13.0,6.0,1.0,4.0,,2.0,59.0
Owen Wright,RB,,,,,,,,,,,,0.0,,0.0
Parker Washington,WR,,7.0,3.0,0.0,7.0,2.0,6.0,,9.0,9.0,2.0,13.0,2.0,60.0
Pat Bryant,WR,,1.0,,,,2.0,0.0,10.0,2.0,4.0,8.0,,4.0,31.0
Pat Freiermuth,TE,2.0,3.0,0.0,,,1.0,23.0,1.0,8.0,3.0,1.0,7.0,,49.0
Patrick Mahomes,QB,27.0,23.0,14.0,34.0,28.0,37.0,31.0,28.0,10.0,,15.0,17.0,37.0,301.0
Patrick Ricard,RB,,,,,,,,,,0.0,,,,0.0
Payne Durham,TE,,,,,,,,,,,,,1.0,1.0
Puka Nacua,WR,13.0,19.0,11.0,23.0,14.0,2.0,,,15.0,12.0,7.0,9.0,7.0,132.0
Quentin Johnston,WR,19.0,13.0,8.0,15.0,3.0,,9.0,,11.0,4.0,,,8.0,90.0
Quinn Ewers,QB,,,,,,,2.0,,,,,,,2.0
Quinshon Judkins,RB,,7.0,15.0,17.0,12.0,3.0,26.0,1.0,,8.0,5.0,16.0,12.0,122.0
Quintin Morris,TE,,,,,,,,,,,1.0,,1.0,2.0
RJ Harvey,RB,7.0,1.0,1.0,15.0,2.0,2.0,6.0,22.0,11.0,0.0,5.0,,17.0,89.0
Rachaad White,RB,1.0,12.0,1.0,3.0,19.0,14.0,3.0,5.0,,4.0,6.0,3.0,2.0,73.0
Raheem Mostert,RB,,,,7.0,2.0,0.0,0.0,,1.0,1.0,0.0,1.0,0.0,12.0
Raheim Sanders,RB,6.0,,,,,,,,,,,,,6.0
Rashee Rice,WR,,,,,,,16.0,16.0,14.0,,3.0,16.0,21.0,86.0
Rasheen Ali,RB,0.0,,,,,,,,,,1.0,,1.0,2.0
Rashid Shaheed,WR,3.0,11.0,4.0,4.0,17.0,2.0,4.0,6.0,6.0,2.0,2.0,0.0,0.0,61.0
Rashod Bateman,WR,1.0,1.0,12.0,2.0,,0.0,,5.0,7.0,3.0,,,,31.0
Ray Ray McCloud,WR,5.0,,2.0,0.0,,,,,0.0,,,,,7.0
Re'Mahn Davis,RB,0.0,2.0,,0.0,0.0,7.0,,1.0,,0.0,,,6.0,16.0
Reggie Gilliam,RB,,,,,,,,,,,,0.0,,0.0
Rhamondre Stevenson,RB,2.0,15.0,2.0,3.0,13.0,1.0,14.0,4.0,,,,0.0,8.0,62.0
Ricky Pearsall,WR,10.0,5.0,11.0,4.0,,,,,,,0.0,0.0,1.0,31.0
Rico Dowdle,RB,1.0,1.0,9.0,3.0,28.0,29.0,8.0,5.0,26.0,12.0,9.0,6.0,7.0,144.0
Riley Leonard,QB,,,,,,,,0.0,,,,,,0.0
Robbie Chosen,WR,,,,,,,3.0,,,1.0,,,,4.0
Robert Tonyan,TE,,,,,,,,,,,0.0,,,0.0
Roman Wilson,WR,,0.0,,,,1.0,1.0,13.0,-1.0,9.0,1.0,,,24.0
Rome Odunze,WR,9.0,24.0,12.0,12.0,,3.0,3.0,11.0,,14.0,4.0,5.0,0.0,97.0
Romeo Doubs,WR,6.0,8.0,2.0,23.0,,5.0,7.0,6.0,9.0,0.0,5.0,2.0,8.0,81.0
Roschon Johnson,RB,,,,,,0.0,1.0,,,,,,,1.0
Ross Dwelley,TE,,,,,,,,,,,,,0.0,0.0
Russell Wilson,QB,10.0,36.0,4.0,0.0,,0.0,,,,2.0,,,,52.0
Ryan Flournoy,WR,,,2.0,2.0,12.0,3.0,,0.0,7.0,,6.0,,3.0,35.0
Ryan Miller,WR,,8.0,,,,,1.0,,,,,,,9.0
Sam Darnold,QB,6.0,19.0,20.0,17.0,35.0,23.0,11.0,,35.0,9.0,4.0,21.0,4.0,204.0
Sam LaPorta,TE,7.0,2.0,3.0,3.0,15.0,11.0,1.0,,15.0,5.0,,,,62.0
Samaje Perine,RB,0.0,,1.0,0.0,2.0,2.0,3.0,15.0,0.0,,,,3.0,26.0
Saquon Barkley,RB,14.0,14.0,4.0,13.0,14.0,5.0,4.0,29.0,,10.0,8.0,6.0,5.0,126.0
Savion Williams,WR,0.0,2.0,0.0,2.0,,0.0,,6.0,0.0,0.0,3.0,0.0,,13.0
Scott Matlock,RB,,,,0.0,,,,,6.0,,,,,6.0
Scott Miller,WR,,,,,,,0.0,,,,,,,0.0
Sean Tucker,RB,0.0,,,,0.0,8.0,0.0,10.0,,5.0,31.0,4.0,0.0,58.0
Shedeur Sanders,QB,,,,,,,,,,,0.0,12.0,11.0,23.0
Sione Vaki,RB,,,,,,,,,,0.0,,,,0.0
Skyy Moore,WR,,,1.0,,0.0,,1.0,,2.0,1.0,,,,5.0
Spencer Rattler,QB,10.0,27.0,13.0,15.0,17.0,11.0,15.0,3.0,,,,,,111.0
Stefon Diggs,WR,5.0,3.0,2.0,10.0,14.0,2.0,6.0,7.0,9.0,10.0,10.0,2.0,2.0,82.0
Sterling Shepard,WR,3.0,3.0,8.0,1.0,8.0,5.0,1.0,0.0,,3.0,5.0,1.0,0.0,38.0
T.J. Hockenson,TE,1.0,1.0,10.0,3.0,3.0,,4.0,2.0,7.0,0.0,3.0,1.0,5.0,40.0
Tahj Brooks,RB,,,1.0,,,,,,0.0,,0.0,0.0,,1.0
Tahj Washington,WR,,,,,,,,,0.0,,,,,0.0
Tai Felton,WR,,,0.0,,,,,,,,,,,0.0
Tanner Conner,TE,2.0,,1.0,,1.0,0.0,2.0,0.0,,,,,,6.0
Tanner Hudson,TE,,,,,,7.0,,0.0,4.0,,2.0,0.0,7.0,20.0
Tanner McKee,QB,,,,,,,,0.0,,,,,,0.0
Tay Martin,WR,,,,1.0,0.0,,,,,,,,,1.0
Taysom Hill,TE,,,,,0.0,6.0,1.0,0.0,3.0,2.0,,1.0,0.0,13.0
Teddy Bridgewater,QB,,,,,,,0.0,,,,0.0,2.0,,2.0
Tee Higgins,WR,3.0,11.0,1.0,3.0,8.0,6.0,15.0,10.0,26.0,,12.0,3.0,,98.0
Terrance Ferguson,TE,,,,,2.0,0.0,9.0,,5.0,3.0,,,,19.0
Terrell Jennings,RB,,,,,,,1.0,1.0,9.0,0.0,,0.0,,11.0
Terry McLaurin,WR,2.0,4.0,7.0,,,,,11.0,,,,,15.0,39.0
Tetairoa McMillan,WR,6.0,10.0,4.0,6.0,7.0,14.0,3.0,9.0,4.0,6.0,25.0,9.0,10.0,113.0
Tez Johnson,WR,,,,0.0,5.0,10.0,11.0,4.0,,16.0,0.0,9.0,0.0,55.0
Theo Johnson,TE,0.0,3.0,1.0,7.0,15.0,2.0,12.0,2.0,8.0,7.0,3.0,7.0,2.0,69.0
Tim Jones,WR,,,,,,,,,1.0,,,,,1.0
Tim Patrick,WR,,,1.0,0.0,,8.0,2.0,,,,8.0,,1.0,20.0
Tip Reiman,TE,1.0,,0.0,,,,,,,,,,,1.0
Tom Kennedy,WR,,,,,,,,,,,,,3.0,3.0
Tommy Tremble,TE,0.0,2.0,1.0,10.0,0.0,3.0,0.0,0.0,,,5.0,,0.0,21.0
Tony Pollard,RB,7.0,9.0,11.0,7.0,12.0,4.0,5.0,4.0,6.0,,2.0,4.0,5.0,76.0
Tory Horton,WR,,9.0,9.0,1.0,9.0,,,,16.0,,,,,44.0
Travis Etienne,RB,15.0,14.0,11.0,18.0,4.0,4.0,5.0,,11.0,12.0,19.0,17.0,3.0,133.0
Travis Homer,RB,,,,,,,,,,,0.0,,,0.0
Travis Hunter,WR,3.0,2.0,2.0,4.0,6.0,1.0,16.0,,,,,,,34.0
Travis Kelce,TE,10.0,6.0,2.0,4.0,12.0,7.0,5.0,15.0,8.0,,15.0,4.0,10.0,98.0
Trayveon Williams,RB,,,,,,,,,,,0.0,,,0.0
Tre Harris,WR,1.0,3.0,,,,2.0,2.0,6.0,1.0,0.0,1.0,,3.0,19.0
Tre Tucker,WR,11.0,1.0,32.0,1.0,6.0,7.0,3.0,,3.0,2.0,10.0,2.0,2.0,80.0
TreVeyon Henderson,RB,4.0,4.0,3.0,10.0,2.0,2.0,0.0,6.0,8.0,26.0,27.0,7.0,7.0,106.0
Trent Sherfield,WR,0.0,0.0,,,1.0,,,,,,,,,1.0
Trevor Etienne,RB,0.0,0.0,-1.0,3.0,2.0,1.0,,1.0,,,0.0,,0.0,6.0
Trevor Lawrence,QB,12.0,24.0,6.0,12.0,28.0,22.0,18.0,,20.0,12.0,16.0,23.0,25.0,218.0
Trey Benson,RB,6.0,4.0,4.0,4.0,,,,,,,,,,18.0
Trey Lance,QB,,,,,2.0,,,,,,1.0,,0.0,3.0
Trey McBride,TE,6.0,7.0,10.0,5.0,4.0,13.0,19.0,,11.0,18.0,17.0,7.0,14.0,131.0
Treylon Burks,WR,,,,,,,,,1.0,5.0,,,6.0,12.0
Troy Franklin,WR,4.0,15.0,0.0,5.0,5.0,0.0,9.0,20.0,4.0,10.0,8.0,,2.0,82.0
Tua Tagovailoa,QB,7.0,22.0,16.0,19.0,28.0,8.0,-2.0,32.0,8.0,14.0,6.0,,4.0,162.0
Tucker Fisk,TE,,,,,,,,,1.0,0.0,,,,1.0
Tucker Kraft,TE,7.0,18.0,2.0,5.0,,10.0,11.0,26.0,2.0,,,,,81.0
Ty Johnson,RB,2.0,0.0,1.0,0.0,1.0,1.0,,0.0,7.0,2.0,12.0,4.0,2.0,32.0
Tyjae Spears,RB,,,,,1.0,4.0,3.0,13.0,5.0,,3.0,2.0,2.0,33.0
Tylan Wallace,WR,,8.0,,1.0,,,,0.0,,,,,,9.0
Tyler Allgeier,RB,2.0,13.0,0.0,11.0,,9.0,1.0,7.0,0.0,17.0,7.0,4.0,11.0,82.0
Tyler Badie,RB,1.0,1.0,,1.0,1.0,,1.0,0.0,0.0,,0.0,,1.0,6.0
Tyler Conklin,TE,5.0,,,0.0,3.0,,,,,1.0,,,,9.0
Tyler Goodson,RB,,,0.0,0.0,,,,0.0,0.0,0.0,,,,0.0
Tyler Higbee,TE,,3.0,,2.0,,10.0,1.0,,7.0,3.0,2.0,,,28.0
Tyler Huntley,QB,,,,,,5.0,,18.0,,,,,,23.0
Tyler Johnson,WR,3.0,,3.0,,,,6.0,12.0,,,,,,24.0
Tyler Lockett,WR,,0.0,3.0,,0.0,0.0,1.0,,,4.0,3.0,6.0,1.0,18.0
Tyler Shough,QB,,,0.0,,,,,4.0,11.0,23.0,,8.0,21.0,67.0
Tyler Warren,TE,7.0,7.0,3.0,13.0,10.0,12.0,12.0,5.0,2.0,9.0,,4.0,8.0,92.0
Tyquan Thornton,WR,4.0,11.0,13.0,7.0,9.0,,3.0,,,,6.0,,,53.0
Tyreek Hill,WR,4.0,10.0,10.0,6.0,,,,,,,,,,30.0
Tyrell Shavers,WR,,,2.0,,,2.0,,,0.0,2.0,15.0,,,21.0
Tyrod Taylor,QB,,10.0,20.0,,,,2.0,,,,,13.0,22.0,67.0
Tyrone Tracy,RB,3.0,4.0,2.0,,,0.0,10.0,4.0,2.0,7.0,13.0,12.0,3.0,60.0
Tyson Bagent,QB,,1.0,,,,,,,0.0,,,,,1.0
Ulysses Bentley,RB,0.0,,,,,,,,,,,,,0.0
Van Jefferson,WR,,1.0,0.0,0.0,,7.0,4.0,0.0,2.0,,8.0,1.0,2.0,25.0
Wan'Dale Robinson,WR,5.0,20.0,2.0,1.0,3.0,14.0,9.0,4.0,4.0,6.0,3.0,21.0,3.0,95.0
Will Dissly,TE,1.0,0.0,,,,1.0,,,,,,,,2.0
Will Shipley,RB,2.0,,,,0.0,,0.0,0.0,,2.0,,,1.0,5.0
Xavier Gipson,WR,-1.0,,,,,,,0.0,,,,-1.0,,-2.0
Xavier Hutchinson,WR,3.0,2.0,1.0,1.0,13.0,,1.0,12.0,3.0,,4.0,0.0,3.0,43.0
Xavier Legette,WR,1.0,0.0,,,9.0,1.0,15.0,1.0,2.0,,14.0,2.0,0.0,45.0
Xavier Restrepo,WR,,,,,,,,,,,,2.0,1.0,3.0
Xavier Smith,WR,3.0,,,,,,1.0,,1.0,1.0,0.0,,8.0,14.0
Xavier Weaver,WR,,,,,,,,,,,1.0,0.0,,1.0
Xavier Worthy,WR,0.0,,,11.0,4.0,8.0,4.0,5.0,2.0,,2.0,5.0,7.0,48.0
Zach Charbonnet,RB,10.0,1.0,,9.0,10.0,3.0,16.0,,4.0,14.0,4.0,9.0,11.0,91.0
Zach Ertz,TE,8.0,12.0,3.0,4.0,,10.0,9.0,1.0,4.0,5.0,4.0,,10.0,70.0
Zach Wilson,QB,1.0,,,,,,,0.0,,,,,,1.0
Zaire Mitchell-Paden,TE,,,,,0.0,,,,,1.0,,,,1.0
Zamir White,RB,0.0,1.0,1.0,,,,,,,,,,,2.0
Zavier Scott,RB,,,5.0,10.0,0.0,,0.0,1.0,,,,,1.0,17.0
Zay Flowers,WR,20.0,7.0,1.0,7.0,7.0,3.0,,6.0,6.0,7.0,7.0,6.0,-1.0,76.0
Zay Jones,WR,0.0,,2.0,,0.0,7.0,6.0,,,,,,,15.0
Zonovan Knight,RB,,,,,8.0,11.0,5.0,,4.0,2.0,10.0,9.0,14.0,63.0
