position_rank,player_name,position,total_points,last_3_weeks_avg,week_11,week_12,week_13
6,Dak Prescott,QB,283.0,29.0,33.0,30.0,24.0
17,Bryce Young,QB,189.0,24.67,37.0,9.0,28.0
1,Josh Allen,QB,301.0,24.33,48.0,8.0,17.0
2,Patrick Mahomes,QB,301.0,23.0,15.0,17.0,37.0
20,Jacoby Brissett,QB,169.0,23.0,26.0,20.0,23.0
5,Jalen Hurts,QB,284.0,22.33,14.0,32.0,21.0
14,Trevor Lawrence,QB,218.0,21.33,16.0,23.0,25.0
3,Jahmyr Gibbs,RB,209.0,21.0,13.0,43.0,7.0
2,Christian McCaffrey,RB,232.0,20.67,30.0,19.0,13.0
4,Bijan Robinson,RB,193.0,20.67,25.0,12.0,25.0
3,Matthew Stafford,QB,298.0,20.33,17.0,28.0,16.0
8,Jared Goff,QB,257.0,19.67,14.0,21.0,24.0
13,Jordan Love,QB,227.0,19.67,20.0,6.0,33.0
4,Drake Maye,QB,297.0,19.33,17.0,17.0,24.0
7,Derrick Henry,RB,156.0,17.67,17.0,20.0,16.0
32,Brock Purdy,QB,94.0,17.33,26.0,8.0,18.0
6,James Cook,RB,188.0,16.67,16.0,18.0,16.0
2,George Pickens,WR,157.0,16.67,20.0,20.0,10.0
10,Caleb Williams,QB,247.0,16.0,9.0,28.0,11.0
22,Geno Smith,QB,165.0,15.33,14.0,16.0,16.0
42,Jameis Winston,QB,46.0,15.33,12.0,34.0,NULL
11,A.J. Brown,WR,101.0,15.33,4.0,17.0,25.0
28,Cameron Ward,QB,127.0,15.0,15.0,25.0,5.0
8,Tetairoa McMillan,WR,113.0,14.67,25.0,9.0,10.0
30,Marcus Mariota,QB,122.0,14.0,16.0,NULL,26.0
20,TreVeyon Henderson,RB,106.0,13.67,27.0,7.0,7.0
1,Jaxon Smith-Njigba,WR,172.0,13.67,11.0,28.0,2.0
3,Davante Adams,WR,147.0,13.67,6.0,18.0,17.0
7,Daniel Jones,QB,257.0,13.33,NULL,20.0,20.0
27,Rashee Rice,WR,86.0,13.33,3.0,16.0,21.0
12,Travis Etienne,RB,133.0,13.0,19.0,17.0,3.0
27,Kyle Monangai,RB,90.0,12.67,9.0,10.0,19.0
29,Kenny Gainwell,RB,83.0,12.67,22.0,12.0,4.0
1,Trey McBride,TE,131.0,12.67,17.0,7.0,14.0
12,Baker Mayfield,QB,227.0,12.33,18.0,4.0,15.0
46,Emanuel Wilson,RB,56.0,12.0,12.0,23.0,1.0
23,CeeDee Lamb,WR,90.0,12.0,12.0,7.0,17.0
37,Davis Mills,QB,71.0,11.67,17.0,18.0,NULL
39,Tyrod Taylor,QB,67.0,11.67,NULL,13.0,22.0
5,De'Von Achane,RB,191.0,11.67,16.0,NULL,19.0
23,Kareem Hunt,RB,100.0,11.67,11.0,17.0,7.0
44,Sean Tucker,RB,58.0,11.67,31.0,4.0,0.0
47,Devin Singletary,RB,54.0,11.67,16.0,4.0,15.0
10,Nico Collins,WR,105.0,11.67,15.0,5.0,15.0
12,Jameson Williams,WR,101.0,11.33,14.0,NULL,20.0
53,Christian Watson,WR,51.0,11.33,16.0,4.0,14.0
44,Kirk Cousins,QB,40.0,11.0,1.0,17.0,15.0
17,Quinshon Judkins,RB,122.0,11.0,5.0,16.0,12.0
19,Chase Brown,RB,108.0,11.0,11.0,12.0,10.0
40,Zonovan Knight,RB,63.0,11.0,10.0,9.0,14.0
10,Kyren Williams,RB,154.0,10.67,15.0,4.0,13.0
21,Kenneth Walker,RB,105.0,10.67,16.0,10.0,6.0
41,Jakobi Meyers,WR,68.0,10.67,6.0,11.0,15.0
46,Michael Wilson,WR,58.0,10.67,18.0,11.0,3.0
8,Javonte Williams,RB,156.0,10.33,9.0,9.0,13.0
13,George Kittle,TE,66.0,10.33,18.0,7.0,6.0
5,Brock Bowers,TE,85.0,10.0,7.0,5.0,18.0
15,Sam Darnold,QB,204.0,9.67,4.0,21.0,4.0
38,Tyler Shough,QB,67.0,9.67,NULL,8.0,21.0
15,D'Andre Swift,RB,126.0,9.67,9.0,1.0,19.0
2,Travis Kelce,TE,98.0,9.67,15.0,4.0,10.0
11,Bo Nix,QB,243.0,9.33,11.0,NULL,17.0
43,Tyrone Tracy,RB,60.0,9.33,13.0,12.0,3.0
6,Hunter Henry,TE,84.0,9.33,4.0,17.0,7.0
13,Breece Hall,RB,131.0,9.0,5.0,10.0,12.0
18,Jaylen Warren,RB,109.0,9.0,6.0,12.0,9.0
19,Wan'Dale Robinson,WR,95.0,9.0,3.0,21.0,3.0
14,Ashton Jeanty,RB,127.0,8.0,2.0,16.0,6.0
26,Zach Charbonnet,RB,91.0,8.0,4.0,9.0,11.0
4,Amon-Ra St. Brown,WR,137.0,8.0,4.0,20.0,NULL
38,Jauan Jennings,WR,72.0,8.0,5.0,10.0,9.0
65,Greg Dortch,WR,41.0,8.0,12.0,11.0,1.0
70,Dontayvion Wicks,WR,38.0,8.0,0.0,3.0,21.0
45,Shedeur Sanders,QB,23.0,7.67,0.0,12.0,11.0
34,Chuba Hubbard,RB,78.0,7.67,2.0,3.0,18.0
5,Puka Nacua,WR,132.0,7.67,7.0,9.0,7.0
91,Jalen Coker,WR,28.0,7.67,7.0,3.0,13.0
99,John Metchie,WR,24.0,7.67,10.0,12.0,1.0
21,Joe Flacco,QB,169.0,7.33,11.0,11.0,NULL
43,Joe Burrow,QB,41.0,7.33,NULL,NULL,22.0
11,Rico Dowdle,RB,144.0,7.33,9.0,6.0,7.0
28,RJ Harvey,RB,89.0,7.33,5.0,NULL,17.0
32,Tyler Allgeier,RB,82.0,7.33,7.0,4.0,11.0
25,Justin Fields,QB,151.0,7.0,21.0,NULL,NULL
45,Bhayshul Tuten,RB,56.0,7.0,13.0,1.0,7.0
35,D.J. Moore,WR,77.0,7.0,1.0,18.0,2.0
81,Adonai Mitchell,WR,33.0,7.0,1.0,4.0,16.0
33,Kimani Vidal,RB,80.0,6.67,1.0,NULL,19.0
47,Jayden Higgins,WR,55.0,6.67,5.0,9.0,6.0
9,Justin Herbert,QB,253.0,6.33,3.0,NULL,16.0
16,Saquon Barkley,RB,126.0,6.33,8.0,6.0,5.0
27,Brenton Strange,TE,37.0,6.33,NULL,9.0,10.0
33,Colby Parkinson,TE,34.0,6.33,7.0,10.0,2.0
25,Deebo Samuel,WR,87.0,6.33,13.0,NULL,6.0
18,Lamar Jackson,QB,180.0,6.0,4.0,7.0,7.0
47,Mason Rudolph,QB,18.0,6.0,11.0,9.0,-2.0
31,Jordan Mason,RB,82.0,6.0,10.0,4.0,4.0
61,Ty Johnson,RB,32.0,6.0,12.0,4.0,2.0
78,Darnell Mooney,WR,34.0,6.0,3.0,13.0,2.0
90,Devaughn Vele,WR,28.0,6.0,NULL,3.0,15.0
30,Jo'quavious Marks,RB,82.0,5.67,4.0,7.0,6.0
50,Blake Corum,RB,51.0,5.67,1.0,2.0,14.0
51,Christopher Rodriguez,RB,51.0,5.67,7.0,NULL,10.0
15,Chris Olave,WR,100.0,5.67,NULL,7.0,10.0
17,Courtland Sutton,WR,97.0,5.67,5.0,NULL,12.0
45,Parker Washington,WR,60.0,5.67,2.0,13.0,2.0
1,Jonathan Taylor,RB,253.0,5.33,NULL,5.0,11.0
56,Dylan Sampson,RB,35.0,5.33,1.0,13.0,2.0
4,Jake Ferguson,TE,86.0,5.33,7.0,6.0,3.0
12,Mark Andrews,TE,68.0,5.33,12.0,0.0,4.0
20,Colston Loveland,TE,54.0,5.33,4.0,10.0,2.0
20,D.K. Metcalf,WR,93.0,5.33,4.0,9.0,3.0
58,Xavier Legette,WR,45.0,5.33,14.0,2.0,0.0
62,Andrei Iosivas,WR,43.0,5.33,2.0,6.0,8.0
16,Jaxson Dart,QB,190.0,5.0,NULL,NULL,15.0
22,David Montgomery,RB,103.0,5.0,3.0,2.0,10.0
15,Harold Fannin,TE,63.0,5.0,2.0,4.0,9.0
16,Tee Higgins,WR,98.0,5.0,12.0,3.0,NULL
30,Romeo Doubs,WR,81.0,5.0,5.0,2.0,8.0
37,Alec Pierce,WR,74.0,5.0,NULL,2.0,13.0
69,Terry McLaurin,WR,39.0,5.0,NULL,NULL,15.0
109,Tyrell Shavers,WR,21.0,5.0,15.0,NULL,NULL
118,David Sills,WR,16.0,5.0,1.0,7.0,7.0
121,Isaiah Hodgins,WR,15.0,5.0,5.0,10.0,0.0
38,Mar'Keise Irving,RB,65.0,4.67,NULL,NULL,14.0
49,Aaron Jones,RB,51.0,4.67,8.0,5.0,1.0
65,Keaton Mitchell,RB,22.0,4.67,5.0,1.0,8.0
76,Malik Davis,RB,14.0,4.67,2.0,2.0,10.0
9,Zach Ertz,TE,70.0,4.67,4.0,NULL,10.0
6,Ja'Marr Chase,WR,124.0,4.67,3.0,NULL,11.0
28,Stefon Diggs,WR,82.0,4.67,10.0,2.0,2.0
33,Tre Tucker,WR,80.0,4.67,10.0,2.0,2.0
56,Xavier Worthy,WR,48.0,4.67,2.0,5.0,7.0
57,Darius Slayton,WR,45.0,4.67,NULL,2.0,12.0
19,Aaron Rodgers,QB,179.0,4.33,10.0,NULL,3.0
35,Cole Kmet,TE,31.0,4.33,4.0,0.0,9.0
39,Marquise Brown,WR,72.0,4.33,4.0,1.0,8.0
9,Josh Jacobs,RB,155.0,4.0,4.0,NULL,8.0
57,Michael Carter,RB,34.0,4.0,2.0,5.0,5.0
3,Tyler Warren,TE,92.0,4.0,NULL,4.0,8.0
10,Theo Johnson,TE,69.0,4.0,3.0,7.0,2.0
34,Darnell Washington,TE,33.0,4.0,6.0,2.0,4.0
22,DeVonta Smith,WR,91.0,4.0,0.0,8.0,4.0
36,Zay Flowers,WR,76.0,4.0,7.0,6.0,-1.0
83,Pat Bryant,WR,31.0,4.0,8.0,NULL,4.0
35,Tony Pollard,RB,76.0,3.67,2.0,4.0,5.0
37,Rachaad White,RB,73.0,3.67,6.0,3.0,2.0
39,Nick Chubb,RB,63.0,3.67,1.0,1.0,9.0
58,Ollie Gordon,RB,34.0,3.67,10.0,NULL,1.0
69,Jaret Patterson,RB,18.0,3.67,NULL,NULL,11.0
75,Devin Neal,RB,15.0,3.67,NULL,5.0,6.0
16,AJ Barner,TE,62.0,3.67,7.0,1.0,3.0
21,Kyle Pitts,TE,53.0,3.67,1.0,2.0,8.0
32,Chigoziem Okonkwo,TE,35.0,3.67,5.0,4.0,2.0
7,Drake London,WR,113.0,3.67,11.0,NULL,NULL
9,Emeka Egbuka,WR,112.0,3.67,4.0,3.0,4.0
44,Jordan Addison,WR,60.0,3.67,8.0,NULL,3.0
55,Mack Hollins,WR,49.0,3.67,6.0,3.0,2.0
97,Van Jefferson,WR,25.0,3.67,8.0,1.0,2.0
104,Christian Kirk,WR,23.0,3.67,0.0,11.0,NULL
23,Tua Tagovailoa,QB,162.0,3.33,6.0,NULL,4.0
19,Dalton Schultz,TE,55.0,3.33,5.0,0.0,5.0
30,Evan Engram,TE,36.0,3.33,3.0,NULL,7.0
52,Isaiah Likely,TE,18.0,3.33,1.0,1.0,8.0
21,Ladd McConkey,WR,92.0,3.33,1.0,NULL,9.0
26,Justin Jefferson,WR,86.0,3.33,6.0,4.0,0.0
29,Troy Franklin,WR,82.0,3.33,8.0,NULL,2.0
34,Kayshon Boutte,WR,79.0,3.33,NULL,1.0,9.0
40,Khalil Shakir,WR,69.0,3.33,0.0,10.0,0.0
49,Demario Douglas,WR,54.0,3.33,3.0,4.0,3.0
72,Luther Burden,WR,38.0,3.33,2.0,5.0,3.0
82,Chimere Dike,WR,33.0,3.33,1.0,10.0,-1.0
101,Kyle Williams,WR,24.0,3.33,NULL,1.0,9.0
113,Mitchell Tinsley,WR,19.0,3.33,NULL,8.0,2.0
117,Tyler Lockett,WR,18.0,3.33,3.0,6.0,1.0
26,C.J. Stroud,QB,147.0,3.0,NULL,NULL,9.0
85,Jaleel McLaughlin,RB,9.0,3.0,7.0,NULL,2.0
25,T.J. Hockenson,TE,40.0,3.0,3.0,1.0,5.0
36,Gunnar Helm,TE,29.0,3.0,2.0,5.0,2.0
48,Tanner Hudson,TE,20.0,3.0,2.0,0.0,7.0
13,Jaylen Waddle,WR,101.0,3.0,5.0,NULL,4.0
14,Michael Pittman,WR,101.0,3.0,NULL,8.0,1.0
18,Rome Odunze,WR,97.0,3.0,4.0,5.0,0.0
48,Tez Johnson,WR,55.0,3.0,0.0,9.0,0.0
77,Ryan Flournoy,WR,35.0,3.0,6.0,NULL,3.0
94,Isaac TeSlaa,WR,26.0,3.0,NULL,NULL,9.0
111,Tim Patrick,WR,20.0,3.0,8.0,NULL,1.0
36,J.J. McCarthy,QB,73.0,2.67,8.0,0.0,NULL
42,Rhamondre Stevenson,RB,62.0,2.67,NULL,0.0,8.0
53,Brian Robinson,RB,42.0,2.67,2.0,4.0,2.0
22,Pat Freiermuth,TE,49.0,2.67,1.0,7.0,NULL
24,Quentin Johnston,WR,90.0,2.67,NULL,NULL,8.0
31,Keenan Allen,WR,80.0,2.67,5.0,NULL,3.0
87,KaVontae Turpin,WR,30.0,2.67,0.0,3.0,5.0
127,Xavier Smith,WR,14.0,2.67,0.0,NULL,8.0
27,Michael Penix,QB,132.0,2.33,7.0,NULL,NULL
50,Malik Willis,QB,7.0,2.33,7.0,0.0,NULL
59,Tyjae Spears,RB,33.0,2.33,3.0,2.0,2.0
11,Juwan Johnson,TE,68.0,2.33,NULL,4.0,3.0
31,Mason Taylor,TE,36.0,2.33,3.0,2.0,2.0
63,Xavier Hutchinson,WR,43.0,2.33,4.0,0.0,3.0
68,Malik Washington,WR,39.0,2.33,4.0,NULL,3.0
134,Chris Godwin,WR,11.0,2.33,NULL,0.0,7.0
73,Re'Mahn Davis,RB,16.0,2.0,NULL,NULL,6.0
8,Dallas Goedert,TE,77.0,2.0,2.0,2.0,2.0
18,Oronde Gadsden,TE,59.0,2.0,4.0,NULL,2.0
74,Andrew Ogletree,TE,6.0,2.0,NULL,6.0,0.0
75,Brevyn Spann-Ford,TE,6.0,2.0,0.0,6.0,NULL
78,Josh Whyle,TE,6.0,2.0,6.0,0.0,NULL
32,Marvin Harrison,WR,80.0,2.0,NULL,NULL,6.0
51,Keon Coleman,WR,53.0,2.0,NULL,NULL,6.0
52,Tyquan Thornton,WR,53.0,2.0,6.0,NULL,NULL
59,Cooper Kupp,WR,44.0,2.0,2.0,2.0,2.0
66,Jerry Jeudy,WR,41.0,2.0,2.0,2.0,2.0
74,Sterling Shepard,WR,38.0,2.0,5.0,1.0,0.0
125,Gunner Olszewski,WR,14.0,2.0,NULL,7.0,-1.0
126,Isaiah Bond,WR,14.0,2.0,0.0,5.0,1.0
132,Treylon Burks,WR,12.0,2.0,NULL,NULL,6.0
152,Gabriel Davis,WR,6.0,2.0,4.0,2.0,0.0
55,Jeremy McNichols,RB,36.0,1.67,2.0,NULL,3.0
42,Dawson Knox,TE,23.0,1.67,2.0,1.0,2.0
47,Tommy Tremble,TE,21.0,1.67,5.0,NULL,0.0
72,Ian Thomas,TE,7.0,1.67,2.0,3.0,0.0
54,Josh Downs,WR,50.0,1.67,NULL,1.0,4.0
93,Cedric Tillman,WR,27.0,1.67,5.0,0.0,NULL
105,Jahan Dotson,WR,23.0,1.67,4.0,NULL,1.0
154,James Proche,WR,5.0,1.67,NULL,4.0,1.0
156,Mason Tipton,WR,5.0,1.67,NULL,3.0,2.0
36,Jacory Croskey-Merritt,RB,73.0,1.33,2.0,NULL,2.0
67,Kyle Juszczyk,RB,20.0,1.33,2.0,NULL,2.0
26,Darren Waller,TE,38.0,1.33,NULL,NULL,4.0
28,Cade Otton,TE,37.0,1.33,2.0,2.0,0.0
44,Mitchell Evans,TE,22.0,1.33,2.0,NULL,2.0
53,Adam Trautman,TE,17.0,1.33,0.0,NULL,4.0
73,Mike Gesicki,TE,7.0,1.33,NULL,3.0,1.0
79,DeAndre Hopkins,WR,34.0,1.33,1.0,1.0,2.0
114,Tre Harris,WR,19.0,1.33,1.0,NULL,3.0
128,Ashton Dulin,WR,13.0,1.33,NULL,4.0,NULL
62,Samaje Perine,RB,26.0,1.0,NULL,NULL,3.0
68,Brashard Smith,RB,18.0,1.0,0.0,3.0,NULL
74,Cartavious Bigsby,RB,15.0,1.0,3.0,0.0,NULL
83,Hunter Luepke,RB,10.0,1.0,3.0,0.0,NULL
92,LeQuint Allen,RB,6.0,1.0,3.0,0.0,NULL
40,Austin Hooper,TE,23.0,1.0,NULL,3.0,NULL
43,Jackson Hawes,TE,22.0,1.0,NULL,2.0,1.0
55,Jeremy Ruckert,TE,16.0,1.0,2.0,NULL,1.0
64,Greg Dulcich,TE,9.0,1.0,1.0,NULL,2.0
77,John Mundt,TE,6.0,1.0,2.0,1.0,NULL
75,Calvin Austin,WR,36.0,1.0,0.0,3.0,NULL
100,Josh Palmer,WR,24.0,1.0,1.0,2.0,NULL
110,Devontez Walker,WR,20.0,1.0,NULL,3.0,NULL
130,Savion Williams,WR,13.0,1.0,3.0,0.0,NULL
131,Kalif Raymond,WR,12.0,1.0,NULL,3.0,NULL
141,Jack Bech,WR,9.0,1.0,1.0,NULL,2.0
169,Tom Kennedy,WR,3.0,1.0,NULL,NULL,3.0
170,Xavier Restrepo,WR,3.0,1.0,NULL,2.0,1.0
35,Dillon Gabriel,QB,78.0,0.67,2.0,NULL,0.0
54,Teddy Bridgewater,QB,2.0,0.67,0.0,2.0,NULL
52,Isiah Pacheco,RB,46.0,0.67,NULL,NULL,2.0
90,Christopher Brooks,RB,6.0,0.67,0.0,2.0,0.0
104,Adam Prentice,RB,3.0,0.67,1.0,NULL,1.0
110,Rasheen Ali,RB,2.0,0.67,1.0,NULL,1.0
29,Noah Fant,TE,37.0,0.67,2.0,0.0,0.0
37,Tyler Higbee,TE,28.0,0.67,2.0,NULL,NULL
38,Davis Allen,TE,26.0,0.67,NULL,2.0,0.0
39,Jonnu Smith,TE,26.0,0.67,NULL,2.0,0.0
46,Michael Mayer,TE,21.0,0.67,1.0,1.0,NULL
49,Brock Wright,TE,19.0,0.67,0.0,2.0,NULL
58,Ja'Tavion Sanders,TE,14.0,0.67,2.0,0.0,NULL
61,Luke Musgrave,TE,10.0,0.67,0.0,0.0,2.0
66,Noah Gray,TE,9.0,0.67,0.0,2.0,NULL
83,Charlie Woerner,TE,3.0,0.67,NULL,2.0,NULL
90,Quintin Morris,TE,2.0,0.67,1.0,NULL,1.0
43,Rashid Shaheed,WR,61.0,0.67,2.0,0.0,0.0
50,Brian Thomas,WR,53.0,0.67,NULL,NULL,2.0
95,Matthew Golden,WR,26.0,0.67,2.0,NULL,NULL
106,Chris Moore,WR,22.0,0.67,2.0,NULL,NULL
124,Cody White,WR,14.0,0.67,NULL,NULL,2.0
133,Ben Skowronek,WR,11.0,0.67,NULL,2.0,NULL
136,Dont'e Thornton,WR,10.0,0.67,NULL,1.0,1.0
147,Konata Mumpfield,WR,8.0,0.67,NULL,2.0,NULL
171,Deven Thompkins,WR,2.0,0.67,NULL,NULL,2.0
172,Jacoby Jones,WR,2.0,0.67,2.0,NULL,NULL
51,Trey Lance,QB,3.0,0.33,1.0,NULL,0.0
41,Alvin Kamara,RB,62.0,0.33,NULL,1.0,NULL
60,Emari Demercado,RB,32.0,0.33,1.0,NULL,NULL
66,Isaiah Davis,RB,21.0,0.33,1.0,0.0,NULL
72,Zavier Scott,RB,17.0,0.33,NULL,NULL,1.0
78,Jerome Ford,RB,13.0,0.33,0.0,0.0,1.0
80,Raheem Mostert,RB,12.0,0.33,0.0,1.0,0.0
88,Andrew Beck,RB,7.0,0.33,NULL,1.0,NULL
97,Tyler Badie,RB,6.0,0.33,0.0,NULL,1.0
98,Will Shipley,RB,5.0,0.33,NULL,NULL,1.0
101,Jaylen Wright,RB,4.0,0.33,0.0,NULL,1.0
102,Kaleb Johnson,RB,4.0,0.33,1.0,NULL,0.0
114,Evan Hull,RB,1.0,0.33,NULL,NULL,1.0
45,Charlie Kolar,TE,21.0,0.33,NULL,NULL,1.0
59,Elijah Higgins,TE,13.0,0.33,0.0,NULL,1.0
60,Taysom Hill,TE,13.0,0.33,NULL,1.0,0.0
63,Drew Sample,TE,9.0,0.33,NULL,0.0,1.0
65,Julian Hill,TE,9.0,0.33,1.0,NULL,NULL
70,John FitzPatrick,TE,8.0,0.33,0.0,1.0,NULL
82,Cade Stover,TE,3.0,0.33,NULL,NULL,1.0
87,Foster Moreau,TE,2.0,0.33,NULL,NULL,1.0
92,Colson Yankoff,TE,1.0,0.33,0.0,NULL,1.0
94,Payne Durham,TE,1.0,0.33,NULL,NULL,1.0
64,Jalen Nailor,WR,42.0,0.33,1.0,NULL,NULL
67,Elic Ayomanor,WR,40.0,0.33,1.0,NULL,0.0
85,Ricky Pearsall,WR,31.0,0.33,0.0,0.0,1.0
89,Olamide Zaccheaus,WR,29.0,0.33,NULL,0.0,1.0
92,Calvin Ridley,WR,27.0,0.33,1.0,NULL,NULL
98,Jaylin Noel,WR,24.0,0.33,1.0,0.0,NULL
102,Roman Wilson,WR,24.0,0.33,1.0,NULL,NULL
116,Jaylin Lane,WR,18.0,0.33,1.0,NULL,NULL
120,Demarcus Robinson,WR,15.0,0.33,1.0,0.0,0.0
123,Brandin Cooks,WR,14.0,0.33,NULL,NULL,1.0
135,Curtis Samuel,WR,11.0,0.33,1.0,NULL,NULL
138,Jordan Whittington,WR,10.0,0.33,0.0,1.0,NULL
139,Allen Lazard,WR,9.0,0.33,NULL,0.0,1.0
140,Brycen Tremayne,WR,9.0,0.33,1.0,NULL,NULL
146,Jimmy Horn,WR,8.0,0.33,NULL,1.0,NULL
160,Austin Trammell,WR,4.0,0.33,1.0,NULL,NULL
166,Gage Larvadain,WR,3.0,0.33,NULL,NULL,1.0
173,Jalin Hyatt,WR,2.0,0.33,1.0,NULL,NULL
179,Cedrick Wilson,WR,1.0,0.33,NULL,NULL,1.0
180,Dante Pettis,WR,1.0,0.33,NULL,1.0,NULL
182,Dylan Drummond,WR,1.0,0.33,NULL,1.0,0.0
185,Mason Kinsey,WR,1.0,0.33,1.0,NULL,NULL
189,Xavier Weaver,WR,1.0,0.33,1.0,0.0,NULL
24,Mac Jones,QB,152.0,0.0,0.0,NULL,0.0
29,Jayden Daniels,QB,125.0,0.0,NULL,NULL,NULL
31,Spencer Rattler,QB,111.0,0.0,NULL,NULL,NULL
33,Kyler Murray,QB,86.0,0.0,NULL,NULL,NULL
34,Carson Wentz,QB,78.0,0.0,NULL,NULL,NULL
40,Jake Browning,QB,58.0,0.0,NULL,0.0,NULL
41,Russell Wilson,QB,52.0,0.0,NULL,NULL,NULL
46,Tyler Huntley,QB,23.0,0.0,NULL,NULL,NULL
48,Andy Dalton,QB,13.0,0.0,NULL,NULL,NULL
49,Joe Milton,QB,7.0,0.0,NULL,NULL,NULL
52,Cooper Rush,QB,2.0,0.0,NULL,NULL,NULL
53,Quinn Ewers,QB,2.0,0.0,NULL,NULL,NULL
55,Mitchell Trubisky,QB,1.0,0.0,NULL,NULL,NULL
56,Tyson Bagent,QB,1.0,0.0,NULL,NULL,NULL
57,Zach Wilson,QB,1.0,0.0,NULL,NULL,NULL
58,Adrian Martinez,QB,0.0,0.0,NULL,NULL,NULL
59,Anthony Richardson,QB,0.0,0.0,NULL,NULL,NULL
60,Drew Lock,QB,0.0,0.0,NULL,NULL,NULL
61,Gardner Minshew,QB,0.0,0.0,NULL,NULL,NULL
62,Jarrett Stidham,QB,0.0,0.0,NULL,NULL,NULL
63,Jimmy Garoppolo,QB,0.0,0.0,NULL,NULL,NULL
64,Joshua Dobbs,QB,0.0,0.0,NULL,NULL,NULL
65,Kedon Slovis,QB,0.0,0.0,NULL,0.0,NULL
66,Kyle Allen,QB,0.0,0.0,NULL,NULL,NULL
67,Nick Mullens,QB,0.0,0.0,NULL,NULL,0.0
68,Riley Leonard,QB,0.0,0.0,NULL,NULL,NULL
69,Tanner McKee,QB,0.0,0.0,NULL,NULL,NULL
70,Jalen Milroe,QB,-1.0,0.0,NULL,NULL,NULL
71,Kenny Pickett,QB,-1.0,0.0,NULL,NULL,NULL
24,Cam Skattebo,RB,99.0,0.0,NULL,NULL,NULL
25,J.K. Dobbins,RB,99.0,0.0,NULL,NULL,NULL
48,Omarion Hampton,RB,52.0,0.0,NULL,NULL,NULL
54,Justice Hill,RB,39.0,0.0,NULL,NULL,NULL
63,Kendre Miller,RB,23.0,0.0,NULL,NULL,NULL
64,James Conner,RB,22.0,0.0,NULL,NULL,NULL
70,Trey Benson,RB,18.0,0.0,NULL,NULL,NULL
71,Miles Sanders,RB,17.0,0.0,NULL,NULL,NULL
77,Antonio Gibson,RB,13.0,0.0,NULL,NULL,NULL
79,Braelon Allen,RB,12.0,0.0,NULL,NULL,NULL
81,George Holani,RB,11.0,0.0,0.0,NULL,NULL
82,Terrell Jennings,RB,11.0,0.0,NULL,0.0,NULL
84,Brittain Brown,RB,9.0,0.0,NULL,NULL,NULL
86,Cam Akers,RB,8.0,0.0,NULL,NULL,NULL
87,Ameer Abdullah,RB,7.0,0.0,NULL,NULL,NULL
89,Austin Ekeler,RB,6.0,0.0,NULL,NULL,NULL
91,DJ Giddens,RB,6.0,0.0,NULL,NULL,NULL
93,Najee Harris,RB,6.0,0.0,NULL,NULL,NULL
94,Raheim Sanders,RB,6.0,0.0,NULL,NULL,NULL
95,Scott Matlock,RB,6.0,0.0,NULL,NULL,NULL
96,Trevor Etienne,RB,6.0,0.0,0.0,NULL,0.0
99,AJ Dillon,RB,4.0,0.0,NULL,NULL,NULL
100,Jaydon Blue,RB,4.0,0.0,NULL,NULL,NULL
103,Nathan Carter,RB,4.0,0.0,NULL,NULL,NULL
105,Alec Ingold,RB,3.0,0.0,NULL,NULL,NULL
106,Dameon Pierce,RB,2.0,0.0,NULL,NULL,NULL
107,Hassan Haskins,RB,2.0,0.0,NULL,NULL,NULL
108,Jacardia Wright,RB,2.0,0.0,NULL,NULL,NULL
109,Julius Chestnut,RB,2.0,0.0,NULL,0.0,NULL
111,Zamir White,RB,2.0,0.0,NULL,NULL,NULL
112,British Brooks,RB,1.0,0.0,NULL,NULL,NULL
113,Dylan Laube,RB,1.0,0.0,NULL,NULL,NULL
115,Jacob Saylors,RB,1.0,0.0,NULL,NULL,NULL
116,Josh Williams,RB,1.0,0.0,NULL,NULL,NULL
117,Roschon Johnson,RB,1.0,0.0,NULL,NULL,NULL
118,Tahj Brooks,RB,1.0,0.0,0.0,0.0,NULL
119,Amar Johnson,RB,0.0,0.0,0.0,NULL,NULL
120,C.J. Ham,RB,0.0,0.0,NULL,NULL,NULL
121,Clyde Edwards-Helaire,RB,0.0,0.0,NULL,0.0,NULL
122,Craig Reynolds,RB,0.0,0.0,NULL,NULL,NULL
123,D'Ernest Johnson,RB,0.0,0.0,0.0,NULL,NULL
124,Dare Ogunbowale,RB,0.0,0.0,0.0,NULL,NULL
125,DeeJay Dallas,RB,0.0,0.0,NULL,NULL,NULL
126,Kendall Milton,RB,0.0,0.0,0.0,NULL,NULL
127,Myles Gaskin,RB,0.0,0.0,NULL,NULL,0.0
128,Nyheim Hines,RB,0.0,0.0,NULL,NULL,NULL
129,Owen Wright,RB,0.0,0.0,NULL,0.0,NULL
130,Patrick Ricard,RB,0.0,0.0,NULL,NULL,NULL
131,Reggie Gilliam,RB,0.0,0.0,NULL,0.0,NULL
132,Sione Vaki,RB,0.0,0.0,NULL,NULL,NULL
133,Travis Homer,RB,0.0,0.0,0.0,NULL,NULL
134,Trayveon Williams,RB,0.0,0.0,0.0,NULL,NULL
135,Tyler Goodson,RB,0.0,0.0,NULL,NULL,NULL
136,Ulysses Bentley,RB,0.0,0.0,NULL,NULL,NULL
7,Tucker Kraft,TE,81.0,0.0,NULL,NULL,NULL
14,Dalton Kincaid,TE,64.0,0.0,NULL,NULL,NULL
17,Sam LaPorta,TE,62.0,0.0,NULL,NULL,NULL
23,Jake Tonges,TE,44.0,0.0,NULL,NULL,NULL
24,David Njoku,TE,43.0,0.0,0.0,NULL,0.0
41,Daniel Bellinger,TE,23.0,0.0,NULL,NULL,NULL
50,Elijah Arroyo,TE,19.0,0.0,NULL,0.0,NULL
51,Terrance Ferguson,TE,19.0,0.0,NULL,NULL,NULL
54,Hunter Long,TE,17.0,0.0,NULL,NULL,NULL
56,Josh Oliver,TE,16.0,0.0,0.0,0.0,NULL
57,Luke Farrell,TE,16.0,0.0,NULL,0.0,NULL
62,Nate Adkins,TE,10.0,0.0,NULL,NULL,NULL
67,Tyler Conklin,TE,9.0,0.0,NULL,NULL,NULL
68,Ben Sinnott,TE,8.0,0.0,NULL,NULL,NULL
69,Jack Stoll,TE,8.0,0.0,NULL,0.0,NULL
71,Connor Heyward,TE,7.0,0.0,0.0,0.0,NULL
76,David Martin-Robinson,TE,6.0,0.0,NULL,NULL,NULL
79,Tanner Conner,TE,6.0,0.0,NULL,NULL,NULL
80,John Bates,TE,4.0,0.0,NULL,NULL,0.0
81,Albert Okwuegbunam,TE,3.0,0.0,NULL,NULL,NULL
84,Luke Schoonmaker,TE,3.0,0.0,NULL,NULL,0.0
85,Mo Alie-Cox,TE,3.0,0.0,NULL,0.0,NULL
86,Brenden Bates,TE,2.0,0.0,NULL,NULL,NULL
88,Grant Calcaterra,TE,2.0,0.0,NULL,0.0,NULL
89,James Mitchell,TE,2.0,0.0,NULL,NULL,NULL
91,Will Dissly,TE,2.0,0.0,NULL,NULL,NULL
93,Eric Saubert,TE,1.0,0.0,NULL,NULL,NULL
95,Tip Reiman,TE,1.0,0.0,NULL,NULL,NULL
96,Tucker Fisk,TE,1.0,0.0,NULL,NULL,NULL
97,Zaire Mitchell-Paden,TE,1.0,0.0,NULL,NULL,NULL
98,Anthony Firkser,TE,0.0,0.0,NULL,NULL,0.0
99,Benjamin Yurosek,TE,0.0,0.0,NULL,NULL,NULL
100,Blake Whiteheart,TE,0.0,0.0,NULL,NULL,NULL
101,Cam Grandy,TE,0.0,0.0,NULL,NULL,NULL
102,Carter Runyon,TE,0.0,0.0,NULL,NULL,NULL
103,Chris Manhertz,TE,0.0,0.0,NULL,NULL,NULL
104,Durham Smythe,TE,0.0,0.0,0.0,0.0,NULL
105,Feleipe Franks,TE,0.0,0.0,NULL,0.0,NULL
106,Harrison Bryant,TE,0.0,0.0,NULL,NULL,NULL
107,Jared Wiley,TE,0.0,0.0,NULL,NULL,0.0
108,Josiah Deguara,TE,0.0,0.0,NULL,0.0,NULL
109,Keleki Latu,TE,0.0,0.0,0.0,NULL,NULL
110,Kylen Granson,TE,0.0,0.0,0.0,NULL,NULL
111,Lucas Krull,TE,0.0,0.0,NULL,NULL,NULL
112,Robert Tonyan,TE,0.0,0.0,0.0,NULL,NULL
113,Ross Dwelley,TE,0.0,0.0,NULL,NULL,0.0
42,Garrett Wilson,WR,62.0,0.0,NULL,NULL,NULL
60,Kendrick Bourne,WR,44.0,0.0,NULL,NULL,NULL
61,Tory Horton,WR,44.0,0.0,NULL,NULL,NULL
71,Luke McCaffrey,WR,38.0,0.0,NULL,NULL,NULL
73,Malik Nabers,WR,38.0,0.0,NULL,NULL,NULL
76,Marvin Mims,WR,35.0,0.0,0.0,NULL,0.0
80,Travis Hunter,WR,34.0,0.0,NULL,NULL,NULL
84,Rashod Bateman,WR,31.0,0.0,NULL,NULL,NULL
86,JuJu Smith-Schuster,WR,30.0,0.0,NULL,0.0,NULL
88,Tyreek Hill,WR,30.0,0.0,NULL,NULL,NULL
96,Dyami Brown,WR,25.0,0.0,NULL,NULL,NULL
103,Tyler Johnson,WR,24.0,0.0,NULL,NULL,NULL
107,Jalen Tolbert,WR,22.0,0.0,NULL,NULL,NULL
108,Chatarius Atwell,WR,21.0,0.0,NULL,NULL,NULL
112,Mike Evans,WR,19.0,0.0,NULL,NULL,NULL
115,Hunter Renfrow,WR,18.0,0.0,NULL,NULL,NULL
119,Elijah Moore,WR,16.0,0.0,NULL,0.0,NULL
122,Zay Jones,WR,15.0,0.0,NULL,NULL,NULL
129,Kameron Johnson,WR,13.0,0.0,NULL,NULL,NULL
137,Jayden Reed,WR,10.0,0.0,NULL,NULL,NULL
142,Josh Reynolds,WR,9.0,0.0,NULL,NULL,NULL
143,Ryan Miller,WR,9.0,0.0,NULL,NULL,NULL
144,Tylan Wallace,WR,9.0,0.0,NULL,NULL,NULL
145,Jamari Thrash,WR,8.0,0.0,NULL,NULL,NULL
148,Malachi Corley,WR,8.0,0.0,0.0,0.0,0.0
149,Adam Thielen,WR,7.0,0.0,0.0,NULL,NULL
150,Casey Washington,WR,7.0,0.0,NULL,NULL,NULL
151,Ray Ray McCloud,WR,7.0,0.0,NULL,NULL,NULL
153,Malik Heath,WR,6.0,0.0,NULL,NULL,NULL
155,Lil'Jordan Humphrey,WR,5.0,0.0,NULL,NULL,NULL
157,Nick Westbrook,WR,5.0,0.0,NULL,NULL,NULL
158,Skyy Moore,WR,5.0,0.0,NULL,NULL,NULL
159,Arian Smith,WR,4.0,0.0,NULL,0.0,NULL
161,Dareke Young,WR,4.0,0.0,NULL,NULL,NULL
162,Isaiah Williams,WR,4.0,0.0,0.0,NULL,NULL
163,Robbie Chosen,WR,4.0,0.0,NULL,NULL,NULL
164,Braxton Berrios,WR,3.0,0.0,NULL,NULL,NULL
165,D'Wayne Eskridge,WR,3.0,0.0,NULL,NULL,NULL
167,Khadarel Hodge,WR,3.0,0.0,NULL,NULL,NULL
168,Nikko Remigio,WR,3.0,0.0,NULL,NULL,NULL
174,Jared Wayne,WR,2.0,0.0,NULL,NULL,NULL
175,Justin Watson,WR,2.0,0.0,NULL,NULL,NULL
176,Marquez Valdes-Scantling,WR,2.0,0.0,NULL,NULL,NULL
177,Noah Brown,WR,2.0,0.0,NULL,NULL,NULL
178,Beaux Collins,WR,1.0,0.0,NULL,NULL,NULL
181,David Moore,WR,1.0,0.0,NULL,NULL,NULL
183,Jake Bobo,WR,1.0,0.0,NULL,NULL,NULL
184,Jordan Watkins,WR,1.0,0.0,NULL,NULL,NULL
186,Tay Martin,WR,1.0,0.0,NULL,NULL,NULL
187,Tim Jones,WR,1.0,0.0,NULL,NULL,NULL
188,Trent Sherfield,WR,1.0,0.0,NULL,NULL,NULL
190,Alex Bachman,WR,0.0,0.0,NULL,NULL,NULL
191,Andre Baccellia,WR,0.0,0.0,0.0,NULL,NULL
192,Anthony Gould,WR,0.0,0.0,NULL,NULL,NULL
193,Bryce Oliver,WR,0.0,0.0,NULL,NULL,NULL
194,Darius Cooper,WR,0.0,0.0,NULL,0.0,NULL
195,Devin Duvernay,WR,0.0,0.0,NULL,NULL,NULL
196,KeAndre Lambert-Smith,WR,0.0,0.0,NULL,NULL,NULL
197,Michael Bandy,WR,0.0,0.0,NULL,NULL,NULL
198,Scott Miller,WR,0.0,0.0,NULL,NULL,NULL
199,Tahj Washington,WR,0.0,0.0,NULL,NULL,NULL
200,Tai Felton,WR,0.0,0.0,NULL,NULL,NULL
201,Derius Davis,WR,-1.0,0.0,NULL,NULL,NULL
203,Ke'Shawn Williams,WR,-1.0,0.0,NULL,NULL,NULL
202,Jamal Agnew,WR,-1.0,-0.33,NULL,NULL,-1.0
204,LaJohntay Wester,WR,-1.0,-0.33,-1.0,NULL,NULL
205,Mecole Hardman,WR,-1.0,-0.33,-1.0,NULL,NULL
206,Xavier Gipson,WR,-2.0,-0.33,NULL,-1.0,NULL
207,Myles Price,WR,-3.0,-0.33,NULL,-1.0,NULL
72,Max Brosmer,QB,-2.0,-1.0,NULL,NULL,-3.0
